,category,danger,latitude,longitude,name_en,states_name_en,unique_number
0,Cultural,1,34.84694,67.82525,Cultural Landscape and Archaeological Remains of the Bamiyan Valley,Afghanistan,230
1,Cultural,1,34.3964166667,64.5158888889,Minaret and Archaeological Remains of Jam,Afghanistan,234
2,Cultural,0,40.06944444,20.13333333,Historic Centres of Berat and Gjirokastra ,Albania,1590
3,Cultural,0,39.75111111,20.02611111,Butrint,Albania,1563
4,Mixed,0,41.06925,20.6460555556,Natural and Cultural Heritage of the Ohrid region,Albania,2313
5,Cultural,0,35.4841666667,6.4688611111,Timgad,Algeria,215
6,Cultural,0,35.81844,4.78684,Al Qal'a of Beni Hammad,Algeria,111
7,Mixed,0,25.5,9.0,Tassili n'Ajjer,Algeria,198
8,Cultural,0,36.78333,3.06028,Kasbah of Algiers,Algeria,667
9,Cultural,0,36.55,2.383333333,Tipasa,Algeria,214
10,Cultural,0,32.48333,3.68333,M'Zab Valley,Algeria,209
11,Cultural,0,36.32056,5.73667,Djémila,Algeria,212
12,Cultural,0,42.49472222,1.595555556,Madriu-Perafita-Claror Valley,Andorra,1487
13,Cultural,0,-6.2688888889,14.2497222222,"Mbanza Kongo, Vestiges of the Capital of the former Kingdom of Kongo",Angola,2128
14,Cultural,0,17.0069444444,-61.7616666667,Antigua Naval Dockyard and Related Archaeological Sites,Antigua and Barbuda,2086
15,Natural,0,-25.51805556,-54.13333333,Iguazu National Park,Argentina,340
16,Natural,0,-42.5,-64.0,Península Valdés,Argentina,1092
17,Natural,0,-50.0,-73.24944,Los Glaciares National Park,Argentina,160
18,Cultural,0,-47.15,-70.66666667,"Cueva de las Manos, Río Pinturas",Argentina,1091
19,Cultural,0,-23.19986111,-65.34886111,Quebrada de Humahuaca,Argentina,1295
20,Natural,0,-42.8528,-71.8728,Los Alerces National Park,Argentina,2172
21,Cultural,0,-31.42056,-64.19111,Jesuit Block and Estancias of Córdoba,Argentina,1159
22,Natural,0,-30.0,-68.0,Ischigualasto / Talampaya Natural Parks,Argentina,1130
23,Cultural,0,40.15931,44.29514,Cathedral and Churches of Echmiatsin and the Archaeological Site of Zvartnots,Armenia,1181
24,Cultural,0,40.15889,44.79667,Monastery of Geghard and the Upper Azat Valley,Armenia,1124
25,Cultural,0,41.095,44.71028,Monasteries of Haghpat and Sanahin,Armenia,920
26,Cultural,0,-37.80611111,144.9702778,Royal Exhibition Building and Carlton Gardens,Australia,1730
27,Natural,0,-15.65,144.9666667,Wet Tropics of Queensland,Australia,565
28,Cultural,0,-38.0811111111,141.8852777778,Budj Bim Cultural Landscape,Australia,2262
29,Natural,0,-22.5625,113.8102777778,Ningaloo Coast,Australia,1763
30,Cultural,0,-33.3783333333,150.9944444444,Australian Convict Sites,Australia,1648
31,Natural,0,-19.08333333,138.7166667,Australian Fossil Mammal Sites (Riversleigh / Naracoorte),Australia,826
32,Natural,0,-17.5,128.5,Purnululu National Park,Australia,1272
33,Natural,0,-33.7,150.0,Greater Blue Mountains Area,Australia,1071
34,Natural,0,-25.21666667,153.1333333,Fraser Island,Australia,748
35,Natural,0,-25.48611111,113.4361111,"Shark Bay, Western Australia",Australia,684
36,Natural,0,-31.56555556,159.0883333,Lord Howe Island Group,Australia,206
37,Mixed,0,-34.0,143.0,Willandra Lakes Region,Australia,185
38,Natural,0,-53.1,73.5,Heard and McDonald Islands,Australia,683
39,Mixed,0,-25.33333333,131.0,Ulu<U>r</U>u-Kata Tju<U>t</U>a National Park,Australia,519
40,Mixed,0,-12.83333333,132.8333333,Kakadu National Park,Australia,1872
41,Natural,0,-28.25,150.05,Gondwana Rainforests of Australia,Australia,422
42,Cultural,0,-33.8566666667,151.2152777777,Sydney Opera House,Australia,1457
43,Natural,0,-54.59472222,158.8955556,Macquarie Island,Australia,747
44,Natural,0,-18.28611111,147.7,Great Barrier Reef,Australia,172
45,Mixed,0,-41.58333333,145.4166667,Tasmanian Wilderness,Australia,1950
46,Cultural,0,47.64877778,15.82797222,Semmering Railway,Austria,928
47,Cultural,0,47.80055556,13.04333333,Historic Centre of the City of Salzburg,Austria,927
48,Cultural,0,47.55944444,13.64638889,Hallstatt-Dachstein / Salzkammergut Cultural Landscape,Austria,952
49,Cultural,0,47.0741666667,15.3916666667,City of Graz – Historic Centre and Schloss Eggenberg,Austria,1724
50,Cultural,1,48.21666667,16.38333333,Historic Centre of Vienna,Austria,1206
51,Cultural,0,48.18666667,16.31333333,Palace and Gardens of Schönbrunn,Austria,929
52,Cultural,0,48.36444444,15.43416667,Wachau Cultural Landscape,Austria,1134
53,Cultural,0,40.125,49.375,Gobustan Rock Art Cultural Landscape,Azerbaijan,1474
54,Cultural,0,41.2033333333,47.1875,Historic Centre of Sheki with the Khan’s Palace,Azerbaijan,2333
55,Cultural,0,40.36666667,49.83333333,Walled City of Baku with the Shirvanshah's Palace and Maiden Tower,Azerbaijan,1121
56,Cultural,0,26.24128,50.61351,"Pearling, Testimony of an Island Economy",Bahrain,1859
57,Cultural,0,26.1497222222,50.5127777778,Dilmun Burial Mounds,Bahrain,2291
58,Cultural,0,26.23306,50.5272222222,Qal’at al-Bahrain – Ancient Harbour and Capital of Dilmun,Bahrain,2062
59,Cultural,0,25.03333333,88.98333333,Ruins of the Buddhist Vihara at Paharpur,Bangladesh,366
60,Natural,0,21.95,89.18333,The Sundarbans,Bangladesh,943
61,Cultural,0,22.66667,89.8,Historic Mosque City of Bagerhat,Bangladesh,365
62,Cultural,0,13.0966666667,-59.6138888889,Historic Bridgetown and its Garrison,Barbados,1786
63,Cultural,0,53.22278,26.69139,"Architectural, Residential and Cultural Complex of the Radziwill Family at Nesvizh",Belarus,1373
64,Cultural,0,53.45108333,26.47272222,Mir Castle Complex,Belarus,743
65,Natural,0,52.7275,23.9811111111,Bia?owie?a Forest,Belarus,2005
66,Cultural,0,51.03097222,4.47375,Flemish Béguinages,Belgium,1006
67,Cultural,0,50.82806,4.36223,Major Town Houses of the Architect Victor Horta (Brussels),Belgium,1173
68,Cultural,0,50.60603,3.38926,Notre-Dame Cathedral in Tournai,Belgium,1179
69,Cultural,0,50.84668,4.35242,"La Grand-Place, Brussels",Belgium,1008
70,Cultural,0,50.48111,4.13722,"The Four Lifts on the Canal du Centre and their Environs, La Louvière and Le Roeulx (Hainaut)",Belgium,1007
71,Cultural,0,50.835,4.4161111111,Stoclet House,Belgium,1578
72,Cultural,0,50.4352777778,3.8383333333,Major Mining Sites of Wallonia,Belgium,1837
73,Cultural,0,50.43077,3.97879,Neolithic Flint Mines at Spiennes (Mons),Belgium,1174
74,Cultural,0,51.21833,4.39778,Plantin-Moretus House-Workshops-Museum Complex,Belgium,1362
75,Cultural,0,51.20891,3.22527,Historic Centre of Brugge,Belgium,1160
76,Natural,0,16.75,-87.05833333,Belize Barrier Reef Reserve System,Belize,900
77,Natural,0,11.8841666667,2.4877777778,W-Arly-Pendjari Complex,Benin,2129
78,Cultural,0,7.183333333,1.983333333,Royal Palaces of Abomey,Benin,1560
79,Cultural,0,-19.04306,-65.25917,Historic City of Sucre,Bolivia (Plurinational State of),668
80,Cultural,0,-16.0,-60.5,Jesuit Missions of the Chiquitos,Bolivia (Plurinational State of),619
81,Cultural,0,-16.55833333,-68.67778,Tiwanaku: Spiritual and Political Centre of the Tiwanaku Culture,Bolivia (Plurinational State of),670
82,Natural,0,-14.26667,-60.86667,Noel Kempff Mercado National Park,Bolivia (Plurinational State of),1131
83,Cultural,0,-18.16666667,-63.81666667,Fuerte de Samaipata,Bolivia (Plurinational State of),1035
84,Cultural,1,-19.58361,-65.75306,City of Potosí,Bolivia (Plurinational State of),484
85,Cultural,0,43.34812,17.81092,Old Bridge Area of the Old City of Mostar,Bosnia and Herzegovina,1107
86,Cultural,0,43.7814444444,19.288025,Mehmed Paša Sokolovi? Bridge in Višegrad,Bosnia and Herzegovina,1437
87,Cultural,0,43.0922138889,17.9240527778,Ste?ci Medieval Tombstone Graveyards,Bosnia and Herzegovina,2094
88,Cultural,0,-18.75,21.73333333,Tsodilo,Botswana,1191
89,Natural,0,-19.2833333333,22.9,Okavango Delta,Botswana,1976
90,Natural,0,-14.00569444,-47.68461111,Cerrado Protected Areas: Chapada dos Veadeiros and Emas National Parks,Brazil,1208
91,Cultural,0,-19.8519444444,-43.9736111111,Pampulha Modern Ensemble,Brazil,2077
92,Cultural,0,-15.93328,-50.13336,Historic Centre of the Town of Goiás,Brazil,1157
93,Natural,0,-16.5,-39.25,Discovery Coast Atlantic Forest Reserves,Brazil,1044
94,Cultural,0,-2.514166667,-44.3025,Historic Centre of São Luís,Brazil,970
95,Cultural,0,-12.96666667,-38.5,Historic Centre of Salvador de Bahia,Brazil,348
96,Cultural,0,-22.8971111111,-43.1873944444,Valongo Wharf Archaeological Site,Brazil,2173
97,Cultural,0,-15.78333,-47.9,Brasilia,Brazil,516
98,Mixed,0,-23.0186055556,-44.6853694444,Paraty and Ilha Grande – Culture and Biodiversity,Brazil,2264
99,Natural,0,-24.16667,-48.0,Atlantic Forest South-East Reserves,Brazil,1045
100,Cultural,0,-11.0161111111,-37.21,São Francisco Square in the Town of São Cristóvão,Brazil,1725
101,Natural,0,-25.68333,-54.43333,Iguaçu National Park,Brazil,408
102,Cultural,0,-22.9477777778,-43.2913888889,Rio de Janeiro: Carioca Landscapes between the Mountain and the Sea,Brazil,1843
103,Cultural,0,-8.013333333,-34.845,Historic Centre of the Town of Olinda,Brazil,210
104,Cultural,0,-20.38888889,-43.50555556,Historic Town of Ouro Preto,Brazil,136
105,Cultural,0,-18.23333333,-43.6,Historic Centre of the Town of Diamantina,Brazil,1042
106,Natural,0,-17.71667,-57.38333,Pantanal Conservation Area,Brazil,1164
107,Natural,0,-3.857944444,-32.42511111,Brazilian Atlantic Islands: Fernando de Noronha and Atol das Rocas Reserves,Brazil,1166
108,Natural,0,-2.333333333,-62.00833333,Central Amazon Conservation Complex,Brazil,1163
109,Cultural,0,-8.416666667,-42.33333333,Serra da Capivara National Park,Brazil,719
110,Cultural,0,-28.54333333,-54.26583333,"Jesuit Missions of the Guaranis: San Ignacio Mini, Santa Ana, Nuestra Señora de Loreto and Santa Maria Mayor (Argentina), Ruins of Sao Miguel das Missoes (Brazil)",Brazil,326
111,Cultural,0,-20.49972222,-43.85777778,Sanctuary of Bom Jesus do Congonhas,Brazil,380
112,Cultural,0,42.65,23.26666667,Boyana Church,Bulgaria,46
113,Natural,0,41.7427222222,23.4304722222,Pirin National Park,Bulgaria,1641
114,Cultural,0,42.61666667,25.4,Thracian Tomb of Kazanlak,Bulgaria,48
115,Cultural,0,43.71666667,25.96666667,Rock-Hewn Churches of Ivanovo,Bulgaria,49
116,Cultural,0,42.11666667,23.4,Rila Monastery,Bulgaria,239
117,Cultural,0,43.3,27.15,Madara Rider,Bulgaria,47
118,Cultural,0,42.65611,27.73,Ancient City of Nessebar,Bulgaria,240
119,Natural,0,44.11444,27.07806,Srebarna Nature Reserve,Bulgaria,1621
120,Cultural,0,43.66667,26.66667,Thracian Tomb of Sveshtari,Bulgaria,412
121,Cultural,0,12.5877583333,-3.3289861111,Ancient ferrous metallurgy sites of Burkina Faso,Burkina Faso,2290
122,Cultural,0,10.25,-3.5833333333,Ruins of Loropéni,Burkina Faso,1696
123,Cultural,0,14.9151388889,-23.6051944444,"Cidade Velha, Historic Centre of Ribeira Grande",Cabo Verde,1600
124,Cultural,0,12.8725,105.0430555556,"Temple Zone of Sambor Prei Kuk, Archaeological Site of Ancient Ishanapura",Cambodia,2140
125,Cultural,0,14.3883333333,104.6838888889,Temple of Preah Vihear,Cambodia,1591
126,Cultural,0,13.43333333,103.8333333,Angkor,Cambodia,791
127,Natural,0,3.0,13.0,Dja Faunal Reserve,Cameroon,470
128,Natural,0,50.76777778,-111.4922222,Dinosaur Provincial Park,Canada,75
129,Cultural,0,45.1183333333,-64.3072222222,Landscape of Grand Pré,Canada,1828
130,Cultural,0,44.37611111,-64.30916667,Old Town Lunenburg,Canada,875
131,Cultural,0,51.46666667,-55.61666667,L’Anse aux Meadows National Historic Site,Canada,2248
132,Cultural,0,49.075,-111.6333333333,Writing-on-Stone / Áísínai’pi,Canada,2295
133,Natural,0,61.54722222,-125.5894444,Nahanni National Park,Canada,27
134,Natural,0,46.635,-53.2111111111,Mistaken Point,Canada,2083
135,Cultural,0,46.80944444,-71.21055556,Historic District of Old Québec,Canada,336
136,Cultural,0,51.726925,-56.4295222222,Red Bay Basque Whaling Station,Canada,1874
137,Natural,0,51.42472222,-116.4797222,Canadian Rocky Mountain Parks,Canada,342
138,Cultural,0,44.9943861111,-75.765125,Rideau Canal,Canada,1475
139,Natural,0,45.7097222222,-64.4358333333,Joggins Fossil Cliffs,Canada,1516
140,Cultural,0,49.74944444,-113.6238889,Head-Smashed-In Buffalo Jump,Canada,176
141,Mixed,0,51.8264166667,-95.4112777778,Pimachiowin Aki,Canada,2214
142,Natural,0,59.35833333,-112.2933333,Wood Buffalo National Park,Canada,286
143,Natural,0,49.6125,-57.53138889,Gros Morne National Park,Canada,483
144,Natural,0,48.105,-66.35305556,Miguasha National Park,Canada,812
145,Cultural,0,52.095,-131.2202778,S<U>G</U>ang Gwaay,Canada,175
146,Natural,0,61.19758333,-140.9919722,Kluane / Wrangell-St. Elias / Glacier Bay / Tatshenshini-Alsek,"Canada,United States of America",78
147,Natural,0,48.99605556,-113.9041667,Waterton Glacier International Peace Park,"Canada,United States of America",407
148,Natural,1,9.0,21.5,Manovo-Gounda St Floris National Park,Central African Republic,553
149,Mixed,0,17.0416666667,21.8627777778,Ennedi Massif: Natural and Cultural Landscape,Chad,2091
150,Natural,0,19.055,20.5055555556,Lakes of Ounianga,Chad,1824
151,Cultural,0,-27.15,-109.45,Rapa Nui National Park,Chile,846
152,Cultural,0,-18.25,-69.5916666667,"Qhapaq Ñan, Andean Road System",Chile,2003
153,Cultural,0,-42.5,-73.76666667,Churches of Chiloé,Chile,1135
154,Cultural,0,-20.20582,-69.79406,Humberstone and Santa Laura Saltpeter Works,Chile,1869
155,Cultural,0,-34.0844444444,-70.3827777777,Sewell Mining Town,Chile,1391
156,Cultural,0,-33.04063889,-71.628,Historic Quarter of the Seaport City of Valparaíso,Chile,1123
157,Cultural,0,30.2375,120.1408333333,West Lake Cultural Landscape of Hangzhou,China,1765
158,Natural,0,24.6688888889,102.9772222222,Chengjiang Fossil Site,China,1803
159,Cultural,0,42.358,116.1851277778,Site of Xanadu,China,1804
160,Natural,0,28.4219444444,106.0425,China Danxia,China,1676
161,Natural,0,28.9158333333,118.0644444444,Mount Sanqingshan National Park,China,1523
162,Natural,0,29.33333,110.5,Wulingyuan Scenic and Historic Interest Area,China,760
163,Cultural,0,41.79416667,123.4469444,Imperial Palaces of the Ming and Qing Dynasties in Beijing and Shenyang,China,510
164,Cultural,0,40.41667,116.08333,The Great Wall,China,508
165,Natural,0,41.9683333333,80.3541666667,Xinjiang Tianshan,China,1876
166,Natural,0,27.895,98.40638889,Three Parallel Rivers of Yunnan Protected Areas,China,1731
167,Cultural,0,40.13333,94.81667,Mogao Caves,China,511
168,Cultural,0,39.0305555556,113.5633333333,Mount Wutai,China,1587
169,Cultural,0,22.2555555556,107.0230555556,Zuojiang Huashan Rock Art Cultural Landscape,China,2100
170,Natural,0,32.9319444444,121.0168138889,Migratory Bird Sanctuaries along the Coast of Yellow Sea-Bohai Gulf of China (Phase I),China,2304
171,Natural,0,24.9233333333,110.3544444444,South China Karst,China,1965
172,Cultural,0,34.4587472222,113.0677194444,Historic Monuments of Dengfeng in “The Centre of Heaven and Earth”,China,1726
173,Natural,0,35.3802777778,92.4391666667,Qinghai Hoh Xil,China,2141
174,Natural,0,31.4697222222,110.2438888889,Hubei Shennongjia,China,2101
175,Cultural,0,36.1266666666,114.3138888888,Yin Xu,China,1293
176,Natural,0,30.8333333333,103.0,"Sichuan Giant Panda Sanctuaries - Wolong, Mt Siguniang and Jiajin Mountains ",China,1390
177,Mixed,0,36.26667,117.1,Mount Taishan,China,507
178,Cultural,0,31.00167,103.60528,Mount Qingcheng and the Dujiangyan Irrigation System,China,1167
179,Cultural,0,30.3955555556,119.9908333333,Archaeological Ruins of Liangzhu City,China,2277
180,Natural,0,27.8955555556,108.68,Fanjingshan,China,2224
181,Cultural,0,24.4475,118.0619444444,"Kulangsu, a Historic International Settlement",China,2142
182,Cultural,0,34.6938888889,112.4683333333,The Grand Canal,China,2181
183,Cultural,0,28.9986111111,109.9669444444,Tusi Sites,China,2035
184,Cultural,0,34.3044444444,108.8572222222,Silk Roads: the Routes Network of Chang'an-Tianshan Corridor,China,1985
185,Cultural,0,29.65792,91.11717,"Historic Ensemble of the Potala Palace, Lhasa",China,837
186,Cultural,0,39.84555556,116.4447222,Temple of Heaven: an Imperial Sacrificial Altar in Beijing,China,1033
187,Cultural,0,29.43333333,115.8666667,Lushan National Park,China,921
188,Cultural,0,26.86667,100.23333,Old Town of Lijiang,China,1934
189,Mixed,0,30.16667,118.18333,Mount Huangshan,China,1933
190,Mixed,0,29.5449,103.76925,"Mount Emei Scenic Area, including Leshan Giant Buddha Scenic Area",China,922
191,Cultural,0,25.0230555556,117.6858333333,Fujian <em>Tulou</em>,China,1505
192,Cultural,0,35.61167,116.975,Temple and Cemetery of Confucius and the Kong Family Mansion in Qufu,China,832
193,Cultural,0,39.73333333,115.9166667,Peking Man Site at Zhoukoudian,China,521
194,Cultural,0,31.31666667,120.45,Classical Gardens of Suzhou,China,961
195,Natural,0,33.08333,103.91667,Jiuzhaigou Valley Scenic and Historic Interest Area,China,757
196,Natural,0,32.75417,103.82222,Huanglong Scenic and Historic Interest Area,China,758
197,Cultural,0,40.98694,117.93833,"Mountain Resort and its Outlying Temples, Chengde",China,831
198,Cultural,0,41.15694444,126.1872222,Capital Cities and Tombs of the Ancient Koguryo Kingdom,China,1315
199,Cultural,0,32.46667,111.0,Ancient Building Complex in the Wudang Mountains,China,833
200,Cultural,0,22.1912919444,113.5364611111,Historic Centre of Macao,China,1289
201,Cultural,0,29.70111,105.705,Dazu Rock Carvings,China,1065
202,Mixed,0,27.71667,117.68333,Mount Wuyi,China,2245
203,Cultural,0,39.91055556,116.1411111,"Summer Palace, an Imperial Garden in Beijing",China,1032
204,Cultural,0,22.2855194444,112.5658611111,Kaiping Diaolou and Villages,China,1459
205,Cultural,0,34.38333333,109.1,Mausoleum of the First Qin Emperor,China,512
206,Cultural,0,23.0932777778,102.7799805556,Cultural Landscape of Honghe Hani Rice Terraces ,China,1877
207,Cultural,0,41.70722222,124.7938889,Imperial Tombs of the Ming and Qing Dynasties,China,1172
208,Cultural,0,34.46666667,112.4666667,Longmen Grottoes,China,1169
209,Cultural,0,29.90444444,117.9875,Ancient Villages in Southern Anhui – Xidi and Hongcun,China,1168
210,Cultural,0,37.20139,112.15444,Ancient City of Ping Yao,China,959
211,Cultural,0,40.10972,113.12222,Yungang Grottoes,China,1213
212,Cultural,0,9.233333333,-74.43333333,Historic Centre of Santa Cruz de Mompox,Colombia,876
213,Natural,0,3.9666666667,-81.6166666666,Malpelo Fauna and Flora Sanctuary,Colombia,1393
214,Natural,0,7.666666667,-77.0,Los Katíos National Park,Colombia,841
215,Cultural,0,10.41666667,-75.53333333,"Port, Fortresses and Group of Monuments, Cartagena",Colombia,319
216,Cultural,0,5.4716666667,-75.6816666667,Coffee Cultural Landscape of Colombia,Colombia,1787
217,Mixed,0,0.5252777778,-72.7972222222,Chiribiquete National Park – “The Maloca of the Jaguar”,Colombia,2213
218,Cultural,0,2.583333333,-76.03333333,National Archeological Park of Tierradentro,Colombia,877
219,Cultural,0,1.916666667,-76.23333333,San Agustín Archaeological Park,Colombia,878
220,Natural,0,2.6094444444,16.5541666667,Sangha Trinational,Congo,1920
221,Cultural,0,8.9113888889,-83.4775,Precolumbian Chiefdom Settlements with Stone Spheres of the Diquís,Costa Rica,1997
222,Natural,0,5.533333333,-87.06666667,Cocos Island National Park,Costa Rica,969
223,Natural,0,9.407083333,-82.93880556,Talamanca Range-La Amistad Reserves / La Amistad National Park,Costa Rica,226
224,Natural,0,10.85,-85.61666667,Area de Conservación Guanacaste,Costa Rica,1083
225,Cultural,0,43.50944,16.44333,Historical Complex of Split with the Palace of Diocletian,Croatia,105
226,Natural,0,44.87778,15.61444,Plitvice Lakes National Park,Croatia,106
227,Cultural,0,42.65056,18.09139,Old City of Dubrovnik,Croatia,2315
228,Cultural,0,43.5125,16.25167,Historic City of Trogir,Croatia,957
229,Cultural,0,45.22917,13.59444,Episcopal Complex of the Euphrasian Basilica in the Historic Centre of Pore?,Croatia,956
230,Cultural,0,43.73629,15.89038,The Cathedral of St James in Šibenik,Croatia,1127
231,Cultural,0,43.1816666667,16.6386111111,Stari Grad Plain,Croatia,1484
232,Cultural,0,22.14722,-80.45278,Urban Historic Centre of Cienfuegos ,Cuba,1379
233,Cultural,0,21.3786111111,-77.9186111111,Historic Centre of Camagüey,Cuba,1482
234,Cultural,0,23.13333333,-82.35,Old Havana and its Fortification System,Cuba,225
235,Cultural,0,22.61667,-83.71667,Viñales Valley,Cuba,991
236,Cultural,0,19.96666667,-75.87083333,"San Pedro de la Roca Castle, Santiago de Cuba",Cuba,992
237,Natural,0,19.88333,-77.63333,Desembarco del Granma National Park,Cuba,1041
238,Cultural,0,21.80305556,-79.98444444,Trinidad and the Valley de los Ingenios,Cuba,535
239,Natural,0,20.45,-75.0,Alejandro de Humboldt National Park,Cuba,989
240,Cultural,0,20.03,-75.39138889,Archaeological Landscape of the First Coffee Plantations in the South-East of Cuba,Cuba,1178
241,Cultural,0,34.79833,33.34333,Choirokoitia,Cyprus,1927
242,Cultural,0,34.92027778,33.09583333,Painted Churches in the Troodos Region,Cyprus,401
243,Cultural,0,34.75833,32.40556,Paphos,Cyprus,85
244,Cultural,0,50.08972,14.41944,Historic Centre of Prague,Czechia,1928
245,Cultural,0,48.81666667,14.31666667,Historic Centre of ?eský Krumlov,Czechia,732
246,Cultural,0,48.77583,16.775,Lednice-Valtice Cultural Landscape,Czechia,899
247,Cultural,0,49.21722222,15.87888889,Jewish Quarter and St Procopius' Basilica in T?ebí?,Czechia,2258
248,Cultural,0,49.5802,15.9420583333,Pilgrimage Church of St John of Nepomuk at Zelená Hora,Czechia,816
249,Cultural,0,49.5939361111,17.2504583333,Holy Trinity Column in Olomouc,Czechia,1010
250,Cultural,0,49.18333,15.45,Historic Centre of Tel?,Czechia,738
251,Cultural,0,48.95972222,14.25277778,Holašovice Historic Village,Czechia,1012
252,Cultural,0,50.05665,15.4842583333,Landscape for Breeding and Training of Ceremonial Carriage Horses at Kladruby nad Labem,Czechia,2281
253,Cultural,0,49.3,17.37722222,Gardens and Castle at Krom??íž,Czechia,1011
254,Cultural,0,49.95,15.2666666667,Kutná Hora: Historical Town Centre with the Church of St Barbara and the Cathedral of Our Lady at Sedlec,Czechia,865
255,Cultural,0,49.2071833333,16.6160555556,Tugendhat Villa in Brno,Czechia,1226
256,Cultural,0,49.87361,16.31444,Litomyšl Castle,Czechia,1054
257,Cultural,0,50.4065277778,12.8373444444,Erzgebirge/Krušnoho?í Mining Region,Czechia,2267
258,Natural,1,7.60318,-8.39097,Mount Nimba Strict Nature Reserve,Côte d'Ivoire,173
259,Cultural,0,5.1958333333,3.7363888889,Historic Town of Grand-Bassam,Côte d'Ivoire,1919
260,Natural,0,5.75,-7.66667,Taï National Park,Côte d'Ivoire,216
261,Natural,0,9.0,-4.0,Comoé National Park,Côte d'Ivoire,252
262,Cultural,0,37.9816666667,126.5080555556,Historic Monuments and Sites in Kaesong,Democratic People's Republic of Korea,1878
263,Cultural,0,38.86305556,125.415,Complex of Koguryo Tombs,Democratic People's Republic of Korea,1269
264,Natural,1,4.0,29.25,Garamba National Park,Democratic Republic of the Congo,149
265,Natural,1,0.916666667,29.16666667,Virunga National Park,Democratic Republic of the Congo,67
266,Natural,1,2.0,28.5,Okapi Wildlife Reserve,Democratic Republic of the Congo,849
267,Natural,1,-2.0,21.0,Salonga National Park,Democratic Republic of the Congo,314
268,Natural,1,-2.5,28.75,Kahuzi-Biega National Park,Democratic Republic of the Congo,150
269,Cultural,0,55.9136111111,12.3577777778,The par force hunting landscape in North Zealand,Denmark,2030
270,Natural,0,55.2672222222,12.4233333333,Stevns Klint,Denmark,1973
271,Cultural,0,67.0639305556,-51.4332055556,Aasivissuit – Nipisat. Inuit Hunting Ground between Ice and Sea,Denmark,2221
272,Cultural,0,61.1644444444,-45.5980555556,Kujataa Greenland: Norse and Inuit Farming at the Edge of the Ice Cap,Denmark,2154
273,Cultural,0,55.75638889,9.42,"Jelling Mounds, Runic Stones and Church",Denmark,2316
274,Natural,0,69.13333333,-49.5,Ilulissat Icefjord,Denmark,1330
275,Cultural,0,56.03889,12.62083333,Kronborg Castle,Denmark,824
276,Cultural,0,55.64222222,12.07972222,Roskilde Cathedral,Denmark,822
277,Cultural,0,55.3555555556,9.4813888889,"Christiansfeld, a Moravian Church Settlement",Denmark,2029
278,Natural,0,15.26666667,-61.28333333,Morne Trois Pitons National Park,Dominica,962
279,Cultural,0,18.48333333,-69.91666667,Colonial City of Santo Domingo,Dominican Republic,615
280,Cultural,0,-2.883333333,-78.98333333,Historic Centre of Santa Ana de los Ríos de Cuenca,Ecuador,1014
281,Cultural,0,-0.003888889,-78.5,City of Quito,Ecuador,5
282,Natural,0,-0.81667,-91.0,Galápagos Islands,Ecuador,4
283,Natural,0,-1.83333,-78.33333,Sangay National Park,Ecuador,290
284,Cultural,1,30.8358333333,29.66666667,Abu Mena,Egypt,96
285,Cultural,0,25.73333,32.6,Ancient Thebes with its Necropolis,Egypt,93
286,Cultural,0,30.05,31.26111,Historic Cairo,Egypt,95
287,Cultural,0,29.97604,31.13041,Memphis and its Necropolis – the Pyramid Fields from Giza to Dahshur,Egypt,92
288,Cultural,0,22.3372222222,31.6258055556,Nubian Monuments from Abu Simbel to Philae,Egypt,94
289,Natural,0,29.33333,30.18333,Wadi Al-Hitan (Whale Valley),Egypt,1363
290,Cultural,0,28.55623,33.97543,Saint Catherine Area,Egypt,1116
291,Cultural,0,13.8275,-89.36916667,Joya de Cerén Archaeological Site,El Salvador,799
292,Cultural,0,15.3352777778,38.9358333333,Asmara: A Modernist African City,Eritrea,2131
293,Cultural,0,59.0577777778,26.3377777777,Struve Geodetic Arc,Estonia,1364
294,Cultural,0,59.43333,24.73333333,Historic Centre (Old Town) of Tallinn,Estonia,1626
295,Cultural,0,14.13019,38.71861,Aksum,Ethiopia,18
296,Cultural,0,12.02935,39.04042,"Rock-Hewn Churches, Lalibela",Ethiopia,21
297,Cultural,0,11.10006,40.57939,Lower Valley of the Awash,Ethiopia,13
298,Cultural,0,8.43491,38.6121,Tiya,Ethiopia,15
299,Cultural,0,12.60692,37.46617,"Fasil Ghebbi, Gondar Region",Ethiopia,22
300,Cultural,0,9.3088888888,42.1377777777,"Harar Jugol, the Fortified Historic Town",Ethiopia,1452
301,Natural,0,13.1833333333,38.0666666667,Simien National Park,Ethiopia,12
302,Cultural,0,5.3,37.4,Konso Cultural Landscape,Ethiopia,1846
303,Cultural,0,4.8,35.96666667,Lower Valley of the Omo,Ethiopia,20
304,Cultural,0,-17.6833777778,178.8345333333,Levuka Historical Port Town,Fiji,1886
305,Cultural,0,61.12056,21.7775,Bronze Age Burial Site of Sammallahdenmäki,Finland,686
306,Cultural,0,62.25,25.18333,Petäjävesi Old Church,Finland,691
307,Cultural,0,60.14722,24.98722,Fortress of Suomenlinna,Finland,690
308,Cultural,0,61.12806,21.51167,Old Rauma,Finland,1718
309,Natural,0,63.3,21.3,High Coast / Kvarken Archipelago,Finland,1050
310,Cultural,0,61.06194,26.64083,Verla Groundwood and Board Mill,Finland,885
311,Cultural,0,46.9375,5.8763888889,"From the Great Saltworks of Salins-les-Bains to the Royal Saltworks of Arc-et-Senans, the Production of Open-pan Salt ",France,1637
312,Cultural,0,43.67763889,4.630694444,"Arles, Roman and Romanesque Monuments",France,182
313,Cultural,0,44.2202777778,3.4730555556,"The Causses and the Cévennes, Mediterranean agro-pastoral Cultural Landscape",France,1848
314,Natural,0,-49.3803611111,69.3528055556,French Austral Lands and Seas,France,2300
315,Cultural,0,50.17444,3.23139,Belfries of Belgium and France,France,1100
316,Cultural,0,43.94722222,4.535277778,Pont du Gard (Roman Aqueduct),France,1566
317,Cultural,0,48.5844444444,7.7488888889,"Strasbourg, Grande-Île and <em>Neustadt</em>",France,2156
318,Cultural,0,46.56472,0.86611,Abbey Church of Saint-Savin sur Gartempe,France,2118
319,Cultural,0,48.69361111,6.183333333,"Place Stanislas, Place de la Carrière and Place d'Alliance in Nancy",France,2186
320,Cultural,0,47.63944,4.38911,Cistercian Abbey of Fontenay,France,1565
321,Cultural,0,48.40194444,2.698055556,Palace and Park of Fontainebleau,France,178
322,Natural,0,42.32519444,8.628833333,"Gulf of Porto: Calanche of Piana, Gulf of Girolata, Scandola Reserve",France,288
323,Cultural,0,43.21055556,2.358888889,Historic Fortified City of Carcassonne,France,393
324,Cultural,0,49.895,2.301666667,Amiens Cathedral,France,1951
325,Cultural,0,45.0575,1.17,Prehistoric Sites and Decorated Caves of the Vézère Valley,France,91
326,Cultural,0,47.46638889,3.748333333,"Vézelay, Church and Hill",France,1572
327,Cultural,0,48.805,2.119444444,Palace and Park of Versailles,France,1571
328,Cultural,0,48.63556,-1.51056,Mont-Saint-Michel and its Bay,France,2317
329,Cultural,0,48.4475,1.487222222,Chartres Cathedral,France,1719
330,Cultural,0,47.2361111111,6.0269444444,Fortifications of Vauban,France,1514
331,Cultural,0,44.13572222,4.808416667,"Roman Theatre and its Surroundings and the ""Triumphal Arch"" of Orange",France,1568
332,Natural,0,45.7793888889,2.9651111111,Chaîne des Puys - Limagne fault tectonic arena,France,2257
333,Cultural,0,43.95277778,4.806111111,"Historic Centre of Avignon: Papal Palace, Episcopal Ensemble and Avignon Bridge",France,254
334,Cultural,0,49.0775,3.9461111111,"Champagne Hillsides, Houses and Cellars",France,2026
335,Cultural,0,45.76722,4.83333,Historic Site of Lyon,France,1023
336,Cultural,0,45.18405556,0.722944444,Routes of Santiago de Compostela in France,France,1019
337,Cultural,0,43.61138889,1.416388889,Canal du Midi,France,910
338,Cultural,0,47.39889,0.70278,The Loire Valley between Sully-sur-Loire and Chalonnes,France,2250
339,Cultural,0,47.08222222,2.398333333,Bourges Cathedral,France,1952
340,Natural,0,-20.4119444444,164.5663888889,Lagoons of New Caledonia: Reef Diversity and Associated Ecosystems,France,1531
341,Cultural,0,44.89472222,-0.155277778,Jurisdiction of Saint-Emilion,France,1088
342,Cultural,0,49.49278,0.1075,"Le Havre, the City Rebuilt by Auguste Perret",France,1358
343,Cultural,0,-16.8414,-151.3723777778,Taputapu?tea,France,2155
344,Cultural,0,47.0580555556,4.8644444444,"The Climats, terroirs of Burgundy",France,2016
345,Natural,0,-21.0994444444,55.48,"Pitons, cirques and remparts of Reunion Island",France,1604
346,Cultural,0,43.9283333333,2.1425,Episcopal City of Albi,France,1663
347,Cultural,0,50.4625,3.5461111111,Nord-Pas de Calais Mining Basin,France,1776
348,Cultural,0,44.3875,4.4161111111,"Decorated Cave of Pont d’Arc, known as Grotte Chauvet-Pont d’Arc, Ardèche",France,1974
349,Mixed,0,42.68542,-0.0005,Pyrénées - Mont Perdu,France,915
350,Cultural,0,48.85833333,2.294166667,"Paris, Banks of the Seine",France,710
351,Cultural,0,44.8388888889,-0.5722222222,"Bordeaux, Port of the Moon",France,1433
352,Cultural,0,48.55972222,3.298888889,"Provins, Town of Medieval Fairs",France,1025
353,Cultural,0,49.25333333,4.032777778,"Cathedral of Notre-Dame, Former Abbey of Saint-Rémi and Palace of Tau, Reims",France,711
354,Mixed,0,-0.5,11.5,Ecosystem and Relict Cultural Landscape of Lopé-Okanda,Gabon,1547
355,Cultural,0,13.31616667,-16.35719444,Kunta Kinteh Island and Related Sites,Gambia (the),897
356,Cultural,0,42.2947222222,42.7683333333,Gelati Monastery,Georgia,2243
357,Cultural,0,42.91639,43.01139,Upper Svaneti,Georgia,839
358,Cultural,0,41.84389,44.71639,Historical Monuments of Mtskheta,Georgia,2251
359,Cultural,0,51.78333,11.15,"Collegiate Church, Castle and Old Town of Quedlinburg",Germany,629
360,Cultural,0,52.4,13.03333333,Palaces and Parks of Potsdam and Berlin,Germany,624
361,Cultural,0,50.94111111,6.957222222,Cologne Cathedral,Germany,1628
362,Natural,0,53.5286111111,8.5561111111,Wadden Sea,Germany,1967
363,Cultural,0,50.82502778,6.909777778,Castles of Augustusburg and Falkenlust at Brühl,Germany,322
364,Cultural,0,49.31666667,8.443055556,Speyer Cathedral,Germany,186
365,Cultural,0,49.00083,8.81306,Maulbronn Monastery Complex,Germany,642
366,Cultural,0,49.79278,9.93889,Würzburg Residence with the Court Gardens and Residence Square,Germany,1735
367,Cultural,0,52.15278,9.94389,St Mary's Cathedral and St Michael's Church at Hildesheim,Germany,1627
368,Cultural,0,47.68127778,10.90013889,Pilgrimage Church of Wies,Germany,1864
369,Cultural,0,51.86472,12.65278,Luther Memorials in Eisleben and Wittenberg,Germany,926
370,Cultural,0,51.8425,12.42083,Garden Kingdom of Dessau-Wörlitz,Germany,627
371,Cultural,0,50.77444444,6.084444444,Aachen Cathedral ,Germany,1953
372,Cultural,0,49.65369,8.56858,Abbey and Altenmünster of Lorsch,Germany,1865
373,Cultural,0,49.75,6.633333333,"Roman Monuments, Cathedral of St Peter and Church of Our Lady in Trier",Germany,420
374,Cultural,0,51.82,10.34,"Mines of Rammelsberg, Historic Town of Goslar and Upper Harz Water Management  System",Germany,1576
375,Cultural,0,50.9747777778,11.3295,"Bauhaus and its Sites in Weimar, Dessau and Bernau",Germany,2158
376,Cultural,0,49.89166667,10.88888889,Town of Bamberg,Germany,742
377,Natural,0,49.91667,8.75389,Messel Pit Fossil Site,Germany,1733
378,Cultural,0,53.86667,10.69167,Hanseatic City of Lübeck,Germany,1706
379,Cultural,0,51.7782777778,9.41025,Carolingian Westwork and Civitas Corvey,Germany,1990
380,Cultural,0,51.1548055556,11.804,Naumburg Cathedral,Germany,2288
381,Cultural,0,50.96677778,10.307,Wartburg Castle,Germany,1048
382,Cultural,0,49.24444,6.85,Völklingen Ironworks,Germany,813
383,Cultural,0,52.4483333333,13.45,Berlin Modernism Housing Estates,Germany,1416
384,Cultural,0,51.57930556,14.72644444,Muskauer Park / Park Mu?akowski,Germany,1307
385,Cultural,0,51.49138889,7.046111111,Zollverein Coal Mine Industrial Complex in Essen,Germany,1139
386,Cultural,0,54.3025,13.08527778,Historic Centres of Stralsund and Wismar,Germany,1244
387,Cultural,0,50.17361111,7.694166667,Upper Middle Rhine Valley,Germany,1243
388,Cultural,0,49.9444444444,11.5786111111,Margravial Opera House Bayreuth,Germany,1799
389,Cultural,0,49.02055556,12.09916667,Old town of Regensburg with Stadtamhof,Germany,1335
390,Cultural,0,53.07597222,8.807472222,Town Hall and Roland on the Marketplace of Bremen,Germany,1265
391,Cultural,0,52.51972222,13.39861111,"Museumsinsel (Museum Island), Berlin",Germany,1047
392,Cultural,0,53.5455555556,9.9994444444,Speicherstadt and Kontorhaus District with Chilehaus,Germany,2028
393,Cultural,0,48.3877777778,9.7655555556,Caves and Ice Age Art in the Swabian Jura,Germany,2157
394,Cultural,0,54.4619444444,9.4541111111,Archaeological Border complex of Hedeby and the Danevirke,Germany,2206
395,Cultural,0,48.3654722222,10.902,Water Management System of Augsburg,Germany,2266
396,Cultural,0,51.9836111111,9.8111111111,Fagus Factory in Alfeld,Germany,1778
397,Cultural,0,50.9775,11.32861,Classical Weimar,Germany,997
398,Cultural,0,47.69872222,9.061305556,Monastic Island of Reichenau,Germany,1138
399,Cultural,0,51.3158333333,9.3930555556,Bergpark Wilhelmshöhe,Germany,1875
400,Cultural,0,6.4011111111,-1.6258333333,Asante Traditional Buildings,Ghana,39
401,Cultural,0,5.39103,-0.49361,"Forts and Castles, Volta, Greater Accra, Central and Western Regions",Ghana,38
402,Cultural,0,36.44722,28.22778,Medieval City of Rhodes,Greece,574
403,Cultural,0,37.4,25.26667,Delos,Greece,620
404,Cultural,0,39.6239413889,19.9275,Old Town of Corfu,Greece,1477
405,Cultural,0,37.3,26.55,The Historic Centre (Chorá) with the Monastery of Saint-John the Theologian and the Cave of the Apocalypse on the Island of Pátmos,Greece,1098
406,Cultural,0,37.08056,22.36667,Archaeological Site of Mystras,Greece,595
407,Cultural,0,37.69083,26.94333,Pythagoreion and Heraion of Samos,Greece,703
408,Cultural,0,37.65,21.66666667,Archaeological Site of Olympia,Greece,603
409,Cultural,0,41.0147222222,24.2852777778,Archaeological Site of Philippi,Greece,2109
410,Cultural,0,37.73333333,22.75,Archaeological Sites of Mycenae and Tiryns,Greece,1097
411,Cultural,0,40.63833,22.965,Paleochristian and Byzantine Monuments of Thessalonika,Greece,528
412,Cultural,0,38.4,22.75,"Monasteries of Daphni, Hosios Loukas and Nea Moni of Chios",Greece,632
413,Mixed,0,40.26667,24.21667,Mount Athos,Greece,526
414,Cultural,0,37.97087,23.72618,"Acropolis, Athens",Greece,467
415,Cultural,0,40.47139,22.31833,Archaeological Site of Aigai (modern name Vergina),Greece,923
416,Cultural,0,37.43498,21.89694,Temple of Apollo Epicurius at Bassae,Greece,452
417,Cultural,0,37.66666667,23.11666667,Sanctuary of Asklepios at Epidaurus,Greece,571
418,Cultural,0,38.48149,22.49617,Archaeological Site of Delphi,Greece,453
419,Mixed,0,39.71667,21.63333,Meteora,Greece,527
420,Mixed,0,17.21666667,-89.61666667,Tikal National Park,Guatemala,68
421,Cultural,0,14.56666667,-90.66666667,Antigua Guatemala,Guatemala,69
422,Cultural,0,15.27059,-89.04025,Archaeological Park and Ruins of Quirigua,Guatemala,167
423,Cultural,0,19.57361,-72.24417,"National History Park – Citadel, Sans Souci, Ramiers",Haiti,199
424,Cultural,0,41.90216,12.45736,Vatican City,Holy See,320
425,Cultural,0,14.85,-89.13333,Maya Site of Copan,Honduras,141
426,Natural,1,15.74444444,-84.675,Río Plátano Biosphere Reserve,Honduras,217
427,Cultural,0,47.55889,17.78444,Millenary Benedictine Abbey of Pannonhalma and its Natural Environment,Hungary,893
428,Cultural,0,47.99444,19.52917,Old Village of Hollók? and its Surroundings,Hungary,464
429,Natural,0,48.47573,20.48687,Caves of Aggtelek Karst and Slovak Karst,Hungary,1624
430,Cultural,0,47.59458,21.15678,Hortobágy National Park - the <i>Puszta</i>,Hungary,552
431,Cultural,0,46.07444,18.22778,Early Christian Necropolis of Pécs (Sopianae),Hungary,1004
432,Cultural,0,48.15,21.35,Tokaj Wine Region Historic Cultural Landscape,Hungary,1240
433,Cultural,0,47.71927778,16.72272222,Fertö / Neusiedlersee Cultural Landscape,Hungary,913
434,Cultural,0,47.48242,19.07067,"Budapest, including the Banks of the Danube, the Buda Castle Quarter and Andrássy Avenue",Hungary,462
435,Natural,0,63.3030555556,-20.6022222222,Surtsey,Iceland,1532
436,Natural,0,64.577363,-16.8815404444,Vatnajökull National Park - dynamic nature of fire and ice,Iceland,2301
437,Cultural,0,64.25380556,-21.03725,Þingvellir National Park,Iceland,1333
438,Cultural,0,27.17417,78.04222,Taj Mahal,India,282
439,Cultural,0,28.6555555556,77.2408333333,Red Fort Complex,India,1460
440,Natural,0,30.71667,79.66667,Nanda Devi and Valley of Flowers National Parks  ,India,382
441,Cultural,0,25.1366666667,85.4438888889,"Archaeological Site of Nalanda Mahavihara at Nalanda, Bihar",India,2089
442,Cultural,0,26.9078611111,75.7872222222,"Jaipur City, Rajasthan",India,2309
443,Cultural,0,23.0263888889,72.5880555556,Historic City of Ahmadabad,India,2144
444,Mixed,0,27.7647222222,88.3772222222,Khangchendzonga National Park,India,2105
445,Natural,0,31.8333333333,77.5833333333,Great Himalayan National Park Conservation Area,India,2011
446,Cultural,0,23.8588888889,72.1016666667,"Rani-ki-Vav (the Queen’s Stepwell) at Patan, Gujarat",India,2008
447,Cultural,0,27.09444,77.66417,Fatehpur Sikri,India,285
448,Cultural,0,23.47944,77.73972,Buddhist Monuments at Sanchi,India,613
449,Natural,0,21.945,88.89583333,Sundarbans National Park,India,524
450,Natural,0,27.15888889,77.50861111,Keoladeo National Park,India,387
451,Natural,0,26.725,91.03055556,Manas Wildlife Sanctuary,India,385
452,Cultural,0,22.92777778,77.58333333,Rock Shelters of Bhimbetka,India,1079
453,Cultural,0,24.85222,79.92222,Khajuraho Group of Monuments,India,267
454,Natural,0,8.5297222222,77.2497222222,Western Ghats,India,1921
455,Cultural,0,27.18333333,78.03333333,Agra Fort,India,281
456,Natural,0,26.66666667,93.41666667,Kaziranga National Park,India,384
457,Cultural,0,26.9247222222,75.825,"The Jantar Mantar, Jaipur",India,1677
458,Cultural,0,24.69528,84.99389,Mahabodhi Temple Complex at Bodh Gaya,India,1231
459,Cultural,0,10.78305556,79.1325,Great Living Chola Temples,India,280
460,Cultural,0,12.61667,80.19167,Group of Monuments at Mahabalipuram,India,277
461,Cultural,0,24.8833333333,74.6461111111,Hill Forts of Rajasthan,India,1947
462,Cultural,0,19.8875,86.09472,"Sun Temple, Konârak",India,274
463,Cultural,0,18.96667,72.93583,Elephanta Caves,India,272
464,Cultural,0,20.02639,75.17917,Ellora Caves,India,270
465,Cultural,0,20.55333,75.7,Ajanta Caves,India,269
466,Cultural,0,22.48333333,73.53333333,Champaner-Pavagadh Archaeological Park,India,1279
467,Cultural,0,18.9401222222,72.8362027777,Chhatrapati Shivaji Terminus (formerly Victoria Terminus),India,1105
468,Cultural,0,15.94833,75.81667,Group of Monuments at Pattadakal,India,266
469,Cultural,0,28.59333,77.25056,"Humayun's Tomb, Delhi",India,2182
470,Cultural,0,15.50222,73.91167,Churches and Convents of Goa,India,260
471,Cultural,0,28.52583,77.18528,"Qutb Minar and its Monuments, Delhi",India,259
472,Cultural,0,18.9298055556,72.8300833333,Victorian Gothic and Art Deco Ensembles of Mumbai,India,2041
473,Cultural,0,11.51028,76.93583,Mountain Railways of India,India,1540
474,Cultural,0,15.31444,76.47167,Group of Monuments at Hampi,India,1932
475,Natural,1,-2.5,101.5,Tropical Rainforest Heritage of Sumatra,Indonesia,1344
476,Cultural,0,-7.75222,110.49167,Prambanan Temple Compounds,Indonesia,762
477,Cultural,0,-8.2591666667,115.4027777778,Cultural Landscape of Bali Province: the <em>Subak</em> System as a Manifestation of the <em>Tri Hita Karana</em> Philosophy,Indonesia,1836
478,Natural,0,-6.75,105.3333333,Ujung Kulon National Park,Indonesia,722
479,Natural,0,-8.54333,119.48944,Komodo National Park,Indonesia,723
480,Cultural,0,-7.60778,110.20361,Borobudur Temple Compounds,Indonesia,700
481,Cultural,0,-0.7666255556,100.7378833333,Ombilin Coal Mining Heritage of Sawahlunto,Indonesia,2311
482,Cultural,0,-7.4,110.8166667,Sangiran Early Man Site,Indonesia,701
483,Natural,0,-4.75,137.83333,Lorentz National Park,Indonesia,1118
484,Cultural,0,30.1666666667,53.1666666667,The Persian Garden,Iran (Islamic Republic of),1768
485,Cultural,0,29.93444,52.89028,Persepolis,Iran (Islamic Republic of),123
486,Cultural,0,38.9788888889,45.4733333333,Armenian Monastic Ensembles of Iran,Iran (Islamic Republic of),1542
487,Cultural,0,32.65745,51.6777777777,"Meidan Emam, Esfahan",Iran (Islamic Republic of),125
488,Cultural,0,36.60388889,47.235,Takht-e Soleyman,Iran (Islamic Republic of),1254
489,Cultural,0,30.5938888889,61.3277777778,Shahr-i Sokhta,Iran (Islamic Republic of),2000
490,Cultural,0,30.19383,53.16729,Pasargadae,Iran (Islamic Republic of),1284
491,Cultural,0,36.43528,48.79667,Soltaniyeh,Iran (Islamic Republic of),1365
492,Cultural,0,34.29,58.6544444444,The Persian Qanat,Iran (Islamic Republic of),2096
493,Cultural,0,32.0186111111,48.8358333333,Shushtar Historical Hydraulic System,Iran (Islamic Republic of),1599
494,Cultural,0,34.3883333333,47.4366666666,Bisotun,Iran (Islamic Republic of),1399
495,Cultural,0,38.0813888889,46.2930555556,Tabriz Historic Bazaar Complex,Iran (Islamic Republic of),1681
496,Cultural,0,32.6697222222,51.6852777778,Masjed-e J?mé of Isfahan  ,Iran (Islamic Republic of),1821
497,Cultural,0,35.6803666667,51.4205111111,Golestan Palace,Iran (Islamic Republic of),1888
498,Cultural,0,37.2580277778,55.169,Gonbad-e Q?bus,Iran (Islamic Republic of),1822
499,Natural,0,30.2161111111,58.8388888889,Lut Desert,Iran (Islamic Republic of),2095
500,Cultural,0,29.11683,58.3666666667,Bam and its Cultural Landscape,Iran (Islamic Republic of),1564
501,Cultural,0,32.0833,48.53333333,Tchogha Zanbil,Iran (Islamic Republic of),122
502,Cultural,0,38.2486111111,48.2913888889,Sheikh Safi al-din Kh?neg?h and Shrine Ensemble in Ardabil,Iran (Islamic Republic of),1680
503,Cultural,0,29.7774805556,51.57045,Sassanid Archaeological Landscape of Fars Region,Iran (Islamic Republic of),2233
504,Natural,0,37.4214722222,55.7242777778,Hyrcanian Forests,Iran (Islamic Republic of),2273
505,Cultural,0,32.1894444444,48.2561111111,Susa,Iran (Islamic Republic of),1999
506,Cultural,0,30.1680555556,55.3755555556,Cultural Landscape of Maymand,Iran (Islamic Republic of),2073
507,Cultural,0,31.9013888889,54.3691666667,Historic City of Yazd,Iran (Islamic Republic of),2148
508,Cultural,0,32.5419694444,44.4208333333,Babylon,Iraq,2293
509,Mixed,0,31.5622222222,47.6577777778,The Ahwar of Southern Iraq: Refuge of Biodiversity and the Relict Landscape of the Mesopotamian Cities,Iraq,2042
510,Cultural,1,35.4566666667,43.2611111111,Ashur (Qal'at Sherqat),Iraq,1310
511,Cultural,1,35.58806,42.71833,Hatra,Iraq,309
512,Cultural,1,34.3409894444,43.8235430555,Samarra Archaeological City,Iraq,1456
513,Cultural,0,36.1911111111,44.0091666667,Erbil Citadel,Iraq,1980
514,Cultural,0,51.77194,-10.53861,Sceilg Mhichíl,Ireland,892
515,Cultural,0,53.69167,-6.45,Brú na Bóinne - Archaeological Ensemble of the Bend of the Boyne,Ireland,780
516,Cultural,0,30.54111,35.16083,Incense Route - Desert Cities in the Negev,Israel,1286
517,Cultural,0,31.3135,35.35275,Masada,Israel,1214
518,Cultural,0,32.92833333,35.08388889,Old City of Acre,Israel,1217
519,Cultural,0,32.06666667,34.78333333,White City of Tel-Aviv – the Modern Movement,Israel,1274
520,Cultural,0,32.7022222222,35.1269444444,Necropolis of Bet She’arim: A Landmark of Jewish Renewal,Israel,2032
521,Cultural,0,32.67,34.9652777778,Sites of Human Evolution at Mount Carmel: The Nahal Me’arot / Wadi el-Mughara Caves,Israel,1818
522,Cultural,0,32.59722,35.18222,"Biblical Tels - Megiddo, Hazor, Beer Sheba",Israel,1287
523,Cultural,0,32.8293966667,34.9716488888,Bahá’i Holy Places in Haifa and the Western Galilee,Israel,1581
524,Cultural,0,31.6,34.8955555556,Caves of Maresha and Bet-Guvrin in the Judean Lowlands as a Microcosm of the Land of the Caves,Israel,1969
525,Cultural,0,45.9530277778,12.2261111111,Le Colline del Prosecco di Conegliano e Valdobbiadene,Italy,2327
526,Cultural,0,45.4575,7.8691666667,"Ivrea, industrial city of the 20th century",Italy,2163
527,Cultural,0,38.1108333333,13.3530555556,Arab-Norman Palermo and the Cathedral Churches of Cefalú and Monreale,Italy,2048
528,Cultural,0,44.4122222222,8.9311111111,Genoa: <i>Le Strade Nuove</i> and the system of the<i> Palazzi dei Rolli</i>,Italy,1388
529,Natural,0,46.6130555556,12.1630555556,The Dolomites,Italy,1609
530,Cultural,0,43.46806,11.04167,Historic Centre of San Gimignano,Italy,647
531,Cultural,0,41.89022222,12.49230556,"Historic Centre of Rome, the Properties of the Holy See in that City Enjoying Extraterritorial Rights and San Paolo Fuori le Mura",Italy,2114
532,Cultural,0,45.7033333333,9.6636111111,Venetian Works of Defence between the 16th and 17th Centuries: <em>Stato da Terra</em> – Western <em>Stato da Mar</em>,Italy,2162
533,Cultural,0,41.07333,14.32639,"18th-Century Royal Palace at Caserta with the Park, the Aqueduct of Vanvitelli, and the San Leucio Complex",Italy,646
534,Cultural,0,45.46588889,9.1705,Church and Dominican Convent of Santa Maria delle Grazie with “The Last Supper” by Leonardo da Vinci,Italy,100
535,Cultural,0,46.0941666667,13.4330555556,Longobards in Italy. Places of the Power (568-774 A.D.),Italy,1780
536,Natural,0,37.7561111111,14.9966666667,Mount Etna,Italy,1910
537,Cultural,0,41.08480556,16.27094444,Castel del Monte,Italy,459
538,Cultural,0,39.70583333,8.991388889,Su Nuraxi di Barumini,Italy,982
539,Cultural,0,40.66638889,16.61027778,The Sassi and the Park of the Rupestrian Churches of Matera,Italy,793
540,Cultural,0,37.05944,15.29306,Syracuse and the Rocky Necropolis of Pantalica,Italy,1377
541,Cultural,0,43.31861111,11.33166667,Historic Centre of Siena,Italy,848
542,Cultural,0,45.59333,9.53833,Crespi d'Adda,Italy,862
543,Cultural,0,44.83777778,11.61944444,"Ferrara, City of the Renaissance, and its Po Delta",Italy,867
544,Cultural,0,45.54916667,11.54944444,City of Vicenza and the Palladian Villas of the Veneto,Italy,843
545,Cultural,0,40.7825,17.23694,The <I>Trulli</I> of Alberobello,Italy,930
546,Cultural,0,44.42041667,12.19625,Early Christian Monuments of Ravenna,Italy,931
547,Cultural,0,43.07694444,11.67861111,Historic Centre of the City of Pienza,Italy,932
548,Cultural,0,45.97455556,9.169555556,<I>Sacri Monti</I> of Piedmont and Lombardy,Italy,1245
549,Cultural,0,44.6086111111,7.9636111111,Vineyard Landscape of Piedmont: Langhe-Roero and Monferrato,Italy,1971
550,Natural,0,38.48786111,14.94558333,Isole Eolie (Aeolian Islands),Italy,1061
551,Cultural,0,45.1594444444,10.7944444444,Mantua and Sabbioneta,Italy,1518
552,Cultural,0,40.85138889,14.26277778,Historic Centre of Naples,Italy,1867
553,Cultural,0,41.96391667,12.79625,"Villa d'Este, Tivoli",Italy,1197
554,Cultural,0,43.06666667,11.55,Val d'Orcia,Italy,1199
555,Cultural,0,45.76833333,13.3675,Archaeological Area and the Patriarchal Basilica of Aquileia,Italy,2319
556,Cultural,0,45.07253,7.68572,Residences of the Royal House of Savoy,Italy,1736
557,Cultural,0,45.43430556,12.33894444,Venice and its Lagoon,Italy,454
558,Cultural,0,36.89319444,15.06891667,Late Baroque Towns of the Val di Noto (South-Eastern Sicily),Italy,1196
559,Cultural,0,45.95705556,10.29733333,Rock Drawings in Valcamonica,Italy,101
560,Cultural,0,43.77306,11.25611,Historic Centre of Florence,Italy,2127
561,Cultural,0,43.8577777778,11.3041666667,Medici Villas and Gardens in Tuscany,Italy,1891
562,Cultural,0,42.00683333,12.10188889,Etruscan Necropolises of Cerveteri and Tarquinia,Italy,1338
563,Cultural,0,43.06616667,12.62244444,"Assisi, the Basilica of San Francesco and Other Franciscan Sites",Italy,1154
564,Cultural,0,45.43861111,10.99388889,City of Verona,Italy,942
565,Cultural,0,41.94416667,12.77197222,Villa Adriana (Tivoli),Italy,1060
566,Cultural,0,43.72305556,10.39638889,"Piazza del Duomo, Pisa",Italy,1558
567,Cultural,0,44.10694,9.72917,"Portovenere, Cinque Terre, and the Islands (Palmaria, Tino and Tinetto)",Italy,975
568,Cultural,0,44.64624,10.92568,"Cathedral, Torre Civica and Piazza Grande, Modena",Italy,976
569,Cultural,0,43.725,12.63333,Historic Centre of Urbino,Italy,977
570,Cultural,0,40.75,14.48333333,"Archaeological Areas of Pompei, Herculaneum and Torre Annunziata",Italy,978
571,Natural,0,45.8888888889,8.9138888889,Monte San Giorgio,Italy,1643
572,Cultural,0,37.28972222,13.59333333,Archaeological Area of Agrigento,Italy,980
573,Cultural,0,45.39911111,11.88066667,"Botanical Garden (Orto Botanico), Padua",Italy,973
574,Cultural,0,37.36611,14.33417,Villa Romana del Casale,Italy,981
575,Cultural,0,40.28333333,15.26666667,"Cilento and Vallo di Diano National Park with the Archeological Sites of Paestum and Velia, and the Certosa di Padula",Italy,993
576,Cultural,0,40.65,14.6,Costiera Amalfitana,Italy,979
577,Mixed,0,18.0775,-76.5711111111,Blue and John Crow Mountains ,Jamaica,2015
578,Cultural,0,33.83694444,135.7763889,Sacred Sites and Pilgrimage Routes in the Kii Mountain Range,Japan,2183
579,Cultural,0,34.38333333,132.45,Hiroshima Peace Memorial (Genbaku Dome),Japan,917
580,Cultural,0,36.7475,139.6105556,Shrines and Temples of Nikko,Japan,1066
581,Cultural,0,34.67555556,135.8394444,Historic Monuments of Ancient Nara,Japan,1021
582,Cultural,0,34.29441667,132.3246389,Itsukushima Shinto Shrine,Japan,918
583,Natural,0,40.47,140.13,Shirakami-Sanchi,Japan,784
584,Cultural,0,34.98055556,135.7694444,"Historic Monuments of Ancient Kyoto (Kyoto, Uji and Otsu Cities)",Japan,814
585,Cultural,0,35.1127777777,132.435,Iwami Ginzan Silver Mine and its Cultural Landscape,Japan,1737
586,Cultural,0,26.20861111,127.6827778,Gusuku Sites and Related Properties of the Kingdom of Ryukyu,Japan,1136
587,Cultural,0,36.4,136.8833333,Historic Villages of Shirakawa-go and Gokayama,Japan,868
588,Cultural,0,34.4305555556,131.4122222222,"Sites of Japan’s Meiji Industrial Revolution: Iron and Steel, Shipbuilding and Coal Mining",Japan,2045
589,Cultural,0,34.5622222222,135.6094444444,Mozu-Furuichi Kofun Group: Mounded Tombs of Ancient Japan,Japan,2284
590,Cultural,0,34.61666667,135.7333333,Buddhist Monuments in the Horyu-ji Area,Japan,781
591,Natural,0,43.94944,144.96583,Shiretoko,Japan,1370
592,Cultural,0,39.0011111111,141.1077777778,"Hiraizumi – Temples, Gardens and Archaeological Sites Representing the Buddhist Pure Land",Japan,1771
593,Natural,0,30.33333333,130.5333333,Yakushima,Japan,783
594,Natural,0,27.7183333333,142.0997222222,Ogasawara Islands,Japan,1770
595,Cultural,0,35.3608333333,138.7275,"Fujisan, sacred place and source of artistic inspiration",Japan,1883
596,Cultural,0,32.8022222222,128.9038888889,Hidden Christian Sites in the Nagasaki Region,Japan,2216
597,Cultural,0,34.83333333,134.7,Himeji-jo,Japan,782
598,Cultural,0,34.245,130.1055555556,Sacred Island of Okinoshima and Associated Sites in the Munakata Region ,Japan,2149
599,Cultural,0,36.2552777778,138.8877777778,Tomioka Silk Mill and Related Sites,Japan,1992
600,Cultural,1,31.78333333,35.21666667,Old City of Jerusalem and its Walls,Jerusalem (Site proposed by Jordan),165
601,Cultural,0,30.33056,35.44333,Petra,Jordan,370
602,Mixed,0,29.6397222222,35.4338888889,Wadi Rum Protected Area,Jordan,1758
603,Cultural,0,31.50167,35.92056,Um er-Rasas (Kastrom Mefa'a),Jordan,1271
604,Cultural,0,31.80194,36.58583,Quseir Amra,Jordan,372
605,Cultural,0,31.8372222222,35.5527777778,Baptism Site “Bethany Beyond the Jordan” (Al-Maghtas),Jordan,2019
606,Natural,0,50.4333333333,69.1888888889,Saryarka – Steppe and Lakes of Northern Kazakhstan,Kazakhstan,1543
607,Cultural,0,43.80333333,75.535,Petroglyphs within the Archaeological Landscape of Tamgaly,Kazakhstan,1326
608,Cultural,0,43.29305556,68.27444444,Mausoleum of Khoja Ahmed Yasawi,Kazakhstan,1281
609,Cultural,0,-0.8913380556,34.326107,Thimlich Ohinga Archaeological Site,Kenya,2312
610,Cultural,0,-3.9319444444,39.5961111111,Sacred Mijikenda Kaya Forests,Kenya,1589
611,Natural,0,-0.4425,36.24,Kenya Lake System in the Great Rift Valley,Kenya,1749
612,Cultural,0,-2.284444444,40.8525,Lamu Old Town,Kenya,1229
613,Cultural,0,-4.0627777778,39.6794444444,"Fort Jesus, Mombasa",Kenya,1847
614,Natural,1,3.051305556,36.50366667,Lake Turkana National Parks,Kenya,947
615,Natural,0,-0.155,37.3155555556,Mount Kenya National Park/Natural Forest,Kenya,1902
616,Natural,0,-3.6497222222,-172.8575,Phoenix Islands Protected Area,Kiribati,1683
617,Natural,0,0.0,0.0,Western Tien-Shan,Kyrgyzstan,2079
618,Cultural,0,40.5311111111,72.7827777778,Sulaiman-Too Sacred Mountain,Kyrgyzstan,1699
619,Cultural,0,19.88889,102.13333,Town of Luang Prabang,Lao People's Democratic Republic,1954
620,Cultural,0,14.8483333333,105.8222222222,Vat Phou and Associated Ancient Settlements within the Champasak Cultural Landscape,Lao People's Democratic Republic,560
621,Cultural,0,19.4310555556,103.1522222222,Megalithic Jar Sites in Xiengkhuang – Plain of Jars,Lao People's Democratic Republic,2282
622,Cultural,0,56.95417,24.11667,Historic Centre of Riga,Latvia,1003
623,Cultural,0,34.00707,36.20494,Baalbek,Lebanon,330
624,Cultural,0,33.72583,35.92972,Anjar,Lebanon,329
625,Cultural,0,34.11917,35.6475,Byblos,Lebanon,331
626,Cultural,0,34.24333,36.04889,Ouadi Qadisha (the Holy Valley) and the Forest of the Cedars of God (Horsh Arz el-Rab),Lebanon,1001
627,Cultural,0,33.27194,35.19444,Tyre,Lebanon,335
628,Mixed,0,-29.7652777778,29.1230555556,Maloti-Drakensberg Park,Lesotho,1885
629,Cultural,1,32.80528,12.485,Archaeological Site of Sabratha,Libya,204
630,Cultural,1,32.825,21.85833,Archaeological Site of Cyrene,Libya,211
631,Cultural,1,24.83333,10.33333,Rock-Art Sites of Tadrart Acacus,Libya,321
632,Cultural,1,30.13333333,9.5,Old Town of Ghadamès,Libya,415
633,Cultural,1,32.63833,14.29306,Archaeological Site of Leptis Magna,Libya,203
634,Cultural,0,54.68667,25.29306,Vilnius Historic Centre,Lithuania,1929
635,Cultural,0,54.88777778,24.83055556,Kernav?  Archaeological Site (Cultural Reserve of Kernav?),Lithuania,1317
636,Cultural,0,49.61,6.13333,City of Luxembourg: its Old Quarters and Fortifications,Luxembourg,827
637,Natural,1,-14.4597222222,49.7025,Rainforests of the Atsinanana,Madagascar,1434
638,Cultural,0,-18.75917,47.56278,Royal Hill of Ambohimanga,Madagascar,1111
639,Natural,0,-18.66667,44.75,Tsingy de Bemaraha Strict Nature Reserve,Madagascar,576
640,Natural,0,-14.03333,34.88333,Lake Malawi National Park,Malawi,323
641,Cultural,0,-14.2933333333,34.2791666666,Chongoni Rock-Art Area,Malawi,1450
642,Natural,0,6.25,116.5,Kinabalu Park,Malaysia,1182
643,Natural,0,4.13333,114.91667,Gunung Mulu National Park,Malaysia,1183
644,Cultural,0,5.0679083333,100.9723277778,Archaeological Heritage of the Lenggong Valley,Malaysia,1820
645,Cultural,0,5.4213888889,100.3458333333,"Melaka and George Town, Historic Cities of the Straits of Malacca",Malaysia,1871
646,Cultural,1,13.90639,-4.555,Old Towns of Djenné,Mali,127
647,Mixed,0,14.33333,-3.41667,Cliff of Bandiagara (Land of the Dogons),Mali,602
648,Cultural,1,16.2898,-0.04456,Tomb of Askia,Mali,1320
649,Cultural,1,16.77333333,-2.999444444,Timbuktu,Mali,131
650,Cultural,0,35.87134,14.50739,?al Saflieni Hypogeum,Malta,142
651,Cultural,0,35.90056,14.51444,City of Valletta,Malta,143
652,Cultural,0,36.04908,14.26947,Megalithic Temples of Malta,Malta,2121
653,Cultural,0,11.6,165.3805555556,Bikini Atoll Nuclear Test Site,Marshall Islands,1684
654,Natural,0,20.23472,-16.10889,Banc d'Arguin National Park,Mauritania,590
655,Cultural,0,20.92889,-11.62361,"Ancient <I>Ksour</I> of Ouadane, Chinguetti, Tichitt and Oualata",Mauritania,884
656,Cultural,0,-20.1586388889,57.5031666666,Aapravasi Ghat,Mauritius,1404
657,Cultural,0,-20.4519444444,57.3283333333,Le Morne Cultural Landscape,Mauritius,1860
658,Cultural,0,20.66667,-88.6,Pre-Hispanic City of Chichen-Itza,Mexico,562
659,Cultural,0,22.76667,-102.55556,Historic Centre of Zacatecas,Mexico,800
660,Cultural,0,20.9144444444,-100.7463888889,Protective town of San Miguel and the Sanctuary of Jesús Nazareno de Atotonilco,Mexico,1493
661,Cultural,0,19.70444,-101.19167,Historic Centre of Morelia,Mexico,692
662,Cultural,0,20.47639,-97.3775,"El Tajin, Pre-Hispanic City",Mexico,749
663,Cultural,0,20.67388889,-103.3397222,"Hospicio Cabañas, Guadalajara",Mexico,963
664,Natural,0,19.38333,-87.79167,Sian Ka'an,Mexico,473
665,Cultural,0,19.41833,-99.13278,Historic Centre of Mexico City and Xochimilco,Mexico,475
666,Cultural,0,19.84639,-90.53722,Historic Fortified Town of Campeche,Mexico,1046
667,Cultural,0,19.69167,-98.84167,Pre-Hispanic City of Teotihuacan,Mexico,477
668,Cultural,0,16.9508333333,-96.4211111111,Prehistoric Caves of Yagul and Mitla in the Central Valley of Oaxaca,Mexico,1693
669,Cultural,0,19.04722,-98.20833,Historic Centre of Puebla,Mexico,479
670,Cultural,0,17.06194,-96.72167,Historic Centre of Oaxaca and Archaeological Site of Monte Albán,Mexico,478
671,Natural,0,27.79222,-114.22778,Whale Sanctuary of El Vizcaino,Mexico,652
672,Cultural,0,30.37583,-107.95556,"Archaeological Zone of Paquimé, Casas Grandes",Mexico,662
673,Cultural,0,21.01694,-101.25556,Historic Town of Guanajuato and Adjacent Mines,Mexico,561
674,Cultural,0,18.60833333,-95.65833333,Historic Monuments Zone of Tlacotalpan,Mexico,1013
675,Cultural,0,18.81028,-99.275,Archaeological Monuments Zone of Xochicalco,Mexico,1094
676,Cultural,0,17.48333,-92.05,Pre-Hispanic City and National Park of Palenque,Mexico,474
677,Mixed,0,18.0530277778,-89.7372833333,"Ancient Maya City and Protected Tropical Forests of Calakmul, Campeche",Mexico,1963
678,Cultural,0,19.8352777778,-98.6625666667,Aqueduct of Padre Tembleque Hydraulic System,Mexico,2024
679,Cultural,0,20.58333333,-100.3666667,Historic Monuments Zone of Querétaro,Mexico,936
680,Cultural,0,20.36166667,-89.77027778,Pre-Hispanic Town of Uxmal,Mexico,935
681,Cultural,0,27.65556,-112.91611,Rock Paintings of the Sierra de San Francisco,Mexico,845
682,Cultural,0,19.3322222222,-99.1880555555,Central University City Campus of the <i>Universidad Nacional Autónoma de México</i> (UNAM),Mexico,1427
683,Natural,0,18.7880555556,-110.9752777778,Archipiélago de Revillagigedo,Mexico,2102
684,Natural,1,27.62667,-112.54583,Islands and Protected Areas of the Gulf of California,Mexico,1873
685,Mixed,0,17.9899611111,-97.1871527778,Tehuacán-Cuicatlán Valley: originary habitat of Mesoamerica,Mexico,2287
686,Natural,0,19.6063888889,-100.2416666667,Monarch Butterfly Biosphere Reserve,Mexico,1521
687,Cultural,0,20.8630555555,-103.7786111111,Agave Landscape and Ancient Industrial Facilities of Tequila,Mexico,1386
688,Cultural,0,22.6080555556,-102.3791666667,Camino Real de Tierra Adentro,Mexico,1691
689,Cultural,0,19.41833333,-99.19833333,Luis Barragán House and Studio,Mexico,1316
690,Cultural,0,21.20438889,-99.46411111,Franciscan Missions in the Sierra Gorda of Querétaro,Mexico,1256
691,Cultural,0,18.93472,-98.89778,Earliest 16th-Century Monasteries on the Slopes of Popocatepetl,Mexico,830
692,Natural,0,32.0,-113.9166666667,El Pinacate and Gran Desierto de Altar Biosphere Reserve,Mexico,1858
693,Cultural,1,6.8397222222,158.3308333333,Nan Madol: Ceremonial Centre of Eastern Micronesia,Micronesia (Federated States of),2093
694,Cultural,0,47.55666667,102.8313889,Orkhon Valley Cultural Landscape,Mongolia,1259
695,Cultural,0,49.3338888889,88.3952777778,Petroglyphic Complexes of the Mongolian Altai,Mongolia,1773
696,Natural,0,50.275,92.71972222,Uvs Nuur Basin,Mongolia,909
697,Cultural,0,48.7619777778,109.0093277778,Great Burkhan Khaldun Mountain and its surrounding sacred landscape,Mongolia,2018
698,Natural,0,43.133,19.0166,Durmitor National Park,Montenegro,109
699,Cultural,0,42.48333,18.7,Natural and Culturo-Historical Region of Kotor,Montenegro,2122
700,Cultural,0,31.5141111111,-9.7703055556,Medina of Essaouira (formerly Mogador),Morocco,888
701,Cultural,0,31.04722,-7.12889,Ksar of Ait-Ben-Haddou,Morocco,515
702,Cultural,0,31.63139,-7.98667,Medina of Marrakesh,Morocco,376
703,Cultural,0,34.06111,-4.97778,Medina of Fez,Morocco,188
704,Cultural,0,34.0241666667,-6.8227777778,"Rabat, Modern Capital and Historic City: a Shared Heritage",Morocco,1825
705,Cultural,0,33.25667,-8.50194,Portuguese City of Mazagan (El Jadida),Morocco,1234
706,Cultural,0,33.88333,-5.55833,Historic City of Meknes,Morocco,937
707,Cultural,0,35.57083,-5.36667,Medina of Tétouan (formerly known as Titawin),Morocco,986
708,Cultural,0,34.07389,-5.55694,Archaeological Site of Volubilis,Morocco,1625
709,Cultural,0,-15.03417,40.73583,Island of Mozambique,Mozambique,709
710,Cultural,0,22.47,95.8186111111,Pyu Ancient Cities,Myanmar,1987
711,Cultural,0,21.1488888889,94.8844444444,Bagan,Myanmar,2283
712,Natural,0,-24.8852777778,15.4077777778,Namib Sand Sea,Namibia,1915
713,Cultural,0,-20.5955833333,14.3725833333,Twyfelfontein or /Ui-//aes,Namibia,1432
714,Cultural,0,27.46889,83.27611,"Lumbini, the Birthplace of the Lord Buddha",Nepal,788
715,Natural,0,27.96528,86.91306,Sagarmatha National Park,Nepal,132
716,Natural,0,27.5,84.33333,Chitwan National Park,Nepal,318
717,Cultural,0,27.70395,85.30858,Kathmandu Valley ,Nepal,1448
718,Cultural,0,51.8825,4.649444444,Mill Network at Kinderdijk-Elshout,Netherlands,966
719,Cultural,0,52.63861111,5.771666667,Schokland and Surroundings,Netherlands,872
720,Cultural,0,51.9233333333,4.4183333333,Van Nellefabriek,Netherlands,1984
721,Cultural,0,52.37444444,4.893055556,Defence Line of Amsterdam,Netherlands,894
722,Cultural,0,52.84583,5.67889,Ir.D.F. Woudagemaal (D.F. Wouda Steam Pumping Station),Netherlands,1018
723,Cultural,0,52.0853333333,5.1475555556,Rietveld Schröderhuis (Rietveld Schröder House),Netherlands,1129
724,Cultural,0,52.365,4.8877777778,Seventeenth-Century Canal Ring Area of Amsterdam inside the Singelgracht,Netherlands,1666
725,Cultural,0,12.10194,-68.90222,"Historic Area of Willemstad, Inner City and Harbour, Curaçao",Netherlands,967
726,Cultural,0,52.54888889,4.911111111,Droogmakerij de Beemster (Beemster Polder),Netherlands,1051
727,Natural,0,-45.03602778,167.3196111,Te Wahipounamu – South West New Zealand,New Zealand,648
728,Natural,0,-50.75,166.1044444,New Zealand Sub-Antarctic Islands,New Zealand,1029
729,Mixed,0,-39.29083333,175.5622222,Tongariro National Park,New Zealand,487
730,Cultural,0,12.435,-86.8780555556,León Cathedral,Nicaragua,1789
731,Cultural,0,12.39722,-86.61028,Ruins of León Viejo,Nicaragua,728
732,Natural,1,18.0,9.0,Air and Ténéré Natural Reserves,Niger,678
733,Cultural,0,16.9736111111,7.9913888889,Historic Centre of Agadez,Niger,1905
734,Cultural,0,10.74056,13.57194,Sukur Cultural Landscape,Nigeria,1093
735,Cultural,0,7.75556,4.55222,Osun-Osogbo Sacred Grove,Nigeria,1298
736,Cultural,0,69.95,23.18333,Rock Art of Alta,Norway,403
737,Cultural,0,59.8786111111,8.5936111111,Rjukan-Notodden Industrial Heritage Site,Norway,2047
738,Natural,0,62.11667,7.16667,West Norwegian Fjords – Geirangerfjord and Nærøyfjord,Norway,1372
739,Cultural,0,61.3,7.33333,Urnes Stave Church,Norway,62
740,Cultural,0,65.61667,11.75,Vegaøyan – The Vega Archipelago,Norway,2254
741,Cultural,0,60.39722,5.32306,Bryggen,Norway,63
742,Cultural,0,62.5738888889,11.3855555556,Røros Mining Town and the Circumference,Norway,1667
743,Cultural,0,22.6952222222,59.3781111111,Ancient City of Qalhat,Oman,2217
744,Cultural,0,18.25333,53.64759,Land of Frankincense,Oman,1180
745,Cultural,0,22.9988888889,57.5360555555,<i>Aflaj</i> Irrigation Systems of Oman,Oman,1384
746,Cultural,0,22.96417,57.30111,Bahla Fort,Oman,502
747,Cultural,0,23.26986,56.745,"Archaeological Sites of Bat, Al-Khutm and Al-Ayn",Oman,503
748,Cultural,0,24.76666667,67.9,"Historical Monuments at Makli, Thatta",Pakistan,158
749,Cultural,0,31.59027778,74.30972222,Fort and Shalamar Gardens in Lahore,Pakistan,189
750,Cultural,0,32.9625,73.58888889,Rohtas Fort,Pakistan,693
751,Cultural,0,34.32083333,71.94583333,Buddhist Ruins of Takht-i-Bahi and Neighbouring City Remains at Sahr-i-Bahlol,Pakistan,154
752,Cultural,0,27.32916667,68.13888889,Archaeological Ruins at Moenjodaro,Pakistan,151
753,Cultural,0,33.77916667,72.8875,Taxila,Pakistan,153
754,Mixed,0,7.246925,134.3525,Rock Islands Southern Lagoon,Palau,1801
755,Cultural,0,31.7043527778,35.2075,"Birthplace of Jesus: Church of the Nativity and the Pilgrimage Route, Bethlehem",Palestine,1922
756,Cultural,1,31.5241666667,35.1088888889,Hebron/Al-Khalil Old Town,Palestine,2230
757,Cultural,1,31.7197222222,35.1305555556,"Palestine: Land of Olives and Vines – Cultural Landscape of Southern Jerusalem, Battir",Palestine,2012
758,Natural,0,7.433,-81.766,Coiba National Park and its Special Zone of Marine Protection,Panama,1319
759,Cultural,1,9.553888889,-79.65583333,Fortifications on the Caribbean Side of Panama: Portobelo-San Lorenzo,Panama,148
760,Natural,0,7.736111111,-77.54722222,Darien National Park,Panama,177
761,Cultural,0,8.951111111,-79.54055556,Archaeological Site of Panamá Viejo and Historic District of Panamá,Panama,934
762,Cultural,0,-5.7837111111,144.3317222222,Kuk Early Agricultural Site,Papua New Guinea,1546
763,Cultural,0,-27.13333,-55.7,Jesuit Missions of La Santísima Trinidad de Paraná and Jesús de Tavarangue,Paraguay,768
764,Natural,0,-9.33333,-77.4,Huascarán National Park,Peru,379
765,Mixed,0,-13.11666667,-72.58333333,Historic Sanctuary of Machu Picchu,Peru,305
766,Cultural,0,-9.5927725444,-77.1784535027,Chavin (Archaeological Site),Peru,375
767,Cultural,1,-8.1,-79.08333,Chan Chan Archaeological Zone,Peru,419
768,Cultural,0,-13.52222,-71.98333,City of Cuzco,Peru,304
769,Natural,0,-12.25,-71.75,Manú National Park,Peru,1705
770,Cultural,0,-12.05139,-77.04306,Historic Centre of Lima,Peru,583
771,Cultural,0,-10.8916666667,-77.5213888889,Sacred City of Caral-Supe,Peru,1615
772,Cultural,0,-16.4,-71.53333333,Historical Centre of the City of Arequipa,Peru,1186
773,Cultural,0,-14.72583,-75.14861,Lines and Geoglyphs of Nasca and Palpa,Peru,828
774,Mixed,0,-7.75,-77.25,Río Abiseo National Park,Peru,644
775,Natural,0,8.9533333333,119.8675,Tubbataha Reefs Natural Park,Philippines,1554
776,Natural,0,6.7171694444,126.1734305556,Mount Hamiguitan Range Wildlife Sanctuary,Philippines,2010
777,Natural,0,10.16666667,118.9166667,Puerto-Princesa Subterranean River National Park,Philippines,773
778,Cultural,0,16.93389,121.13667,Rice Terraces of the Philippine Cordilleras,Philippines,853
779,Cultural,0,14.59,120.97,Baroque Churches of the Philippines,Philippines,1955
780,Cultural,0,17.575,120.3875,Historic City of Vigan,Philippines,586
781,Cultural,0,54.04166667,19.03333333,Castle of the Teutonic Order in Malbork,Poland,998
782,Cultural,0,49.75,21.23333333,Wooden Churches of Southern Ma?opolska,Poland,1489
783,Cultural,0,50.9679722222,21.5023055556,Krzemionki Prehistoric Striped Flint Mining Region,Poland,2302
784,Cultural,0,51.1069472222,17.0770138888,Centennial Hall in Wroc?aw,Poland,1343
785,Cultural,0,51.05427778,16.19594444,Churches of Peace in Jawor and ?widnica,Poland,1228
786,Cultural,0,50.4426972222,18.8512277778,Tarnowskie Góry Lead-Silver-Zinc Mine and its Underground Water Management System,Poland,2165
787,Cultural,0,50.71667,23.26667,Old City of Zamo??,Poland,666
788,Cultural,0,50.0613888889,19.9372222222,Historic Centre of Kraków,Poland,1739
789,Cultural,0,53.01,18.61944,Medieval Town of Toru?,Poland,984
790,Cultural,0,52.26639,21.01167,Historic Centre of Warsaw,Poland,2068
791,Cultural,0,49.86666667,19.66666667,Kalwaria Zebrzydowska: the Mannerist Architectural and Park Landscape Complex and Pilgrimage Park,Poland,1058
792,Cultural,0,49.9791666667,20.0638888889,Wieliczka and Bochnia Royal Salt Mines,Poland,1854
793,Cultural,0,50.0388888889,19.175,Auschwitz Birkenau <br /><small>German Nazi Concentration and Extermination Camp (1940-1945)</small>,Poland,34
794,Cultural,0,49.5338888889,21.0322222222,Wooden <em>Tserkvas</em> of the Carpathian Region in Poland and Ukraine,Poland,1894
795,Cultural,0,39.55,-8.97667,Monastery of Alcobaça,Portugal,589
796,Cultural,0,40.2078111111,-8.425775,University of Coimbra – Alta and Sofia,Portugal,1899
797,Cultural,0,38.69194,-9.21583,Monastery of the Hieronymites and Tower of Belém in Lisbon,Portugal,1630
798,Cultural,0,38.655,-27.22,Central Zone of the Town of Angra do Heroismo in the Azores,Portugal,227
799,Cultural,0,39.65778,-8.82694,Monastery of Batalha,Portugal,294
800,Cultural,0,39.60472,-8.4175,Convent of Christ in Tomar,Portugal,295
801,Cultural,0,38.57306,-7.90778,Historic Centre of Évora,Portugal,414
802,Cultural,0,41.14166667,-8.616666667,"Historic Centre of Oporto, Luiz I Bridge and Monastery of Serra do Pilar ",Portugal,890
803,Cultural,0,38.78333,-9.41667,Cultural Landscape of Sintra,Portugal,854
804,Cultural,0,41.443731,-8.292803,Historic Centre of Guimarães,Portugal,1204
805,Cultural,0,41.10166667,-7.798888889,Alto Douro Wine Region,Portugal,1220
806,Cultural,0,38.51344444,-28.54116667,Landscape of the Pico Island Vineyard Culture,Portugal,1297
807,Cultural,0,38.8806194444,-7.1633222222,Garrison Border Town of Elvas and its Fortifications,Portugal,1956
808,Cultural,0,38.9371666667,-9.3255277778,"Royal Building of <i>Mafra</i> – Palace, Basilica, Convent, <i>Cerco</i> Garden and Hunting Park (<i>Tapada</i>)",Portugal,2276
809,Cultural,0,41.5549444444,-8.3770277778,Sanctuary of Bom Jesus do Monte in Braga,Portugal,2280
810,Natural,0,32.76666667,-17.0,Laurisilva of Madeira,Portugal,1090
811,Cultural,0,25.9780555556,51.0297222222,Al Zubarah Archaeological Site,Qatar,1948
812,Cultural,0,36.7272972222,128.8434277778,"Seowon, Korean Neo-Confucian Academies",Republic of Korea,2278
813,Cultural,0,37.55,126.9833333,Changdeokgung Palace Complex,Republic of Korea,964
814,Cultural,0,36.5419444444,127.8333333333,"Sansa, Buddhist Mountain Monasteries in Korea",Republic of Korea,2227
815,Cultural,0,36.5391666667,128.5166666667,Historic Villages of Korea: Hahoe and Yangdong,Republic of Korea,1688
816,Cultural,0,37.4788888889,127.1811111111,Namhansanseong,Republic of Korea,1982
817,Cultural,0,34.96667,126.92917,"Gochang, Hwasun and Ganghwa Dolmen Sites",Republic of Korea,1141
818,Cultural,0,36.4619444444,127.1272222222,Baekje Historic Areas,Republic of Korea,2038
819,Natural,0,33.4688888889,126.7202777777,Jeju Volcanic Island and Lava Tubes,Republic of Korea,2314
820,Cultural,0,35.78333333,129.35,Seokguram Grotto and Bulguksa Temple,Republic of Korea,869
821,Cultural,0,37.1972222222,128.4527777778,Royal Tombs of the Joseon Dynasty,Republic of Korea,1957
822,Cultural,0,35.78889,129.22667,Gyeongju Historic Areas,Republic of Korea,1140
823,Cultural,0,37.27222,127.00833,Hwaseong Fortress,Republic of Korea,965
824,Cultural,0,37.55,126.98333,Jongmyo Shrine,Republic of Korea,871
825,Cultural,0,35.8,128.1,"Haeinsa Temple Janggyeong Panjeon, the Depositories for the <I>Tripitaka Koreana</I> Woodblocks",Republic of Korea,870
826,Cultural,0,47.7783333333,25.7127777778,Churches of Moldavia,Romania,1728
827,Cultural,0,46.13583333,24.77305556,Villages with Fortified Churches in Transylvania,Romania,705
828,Cultural,0,45.18333333,24.01666667,Monastery of Horezu,Romania,706
829,Cultural,0,45.62305556,23.31194444,Dacian Fortresses of the Orastie Mountains,Romania,1059
830,Natural,0,45.08333,29.5,Danube Delta,Romania,695
831,Cultural,0,46.21777778,24.79222222,Historic Centre of Sighi?oara,Romania,1055
832,Cultural,0,47.82083333,24.05583333,Wooden Churches of Maramure?,Romania,1057
833,Cultural,0,57.65278,39.87611,Historical Centre of the City of Yaroslavl,Russian Federation,1347
834,Cultural,0,55.72611111,37.55508333,Ensemble of the Novodevichy Convent,Russian Federation,1275
835,Cultural,0,57.8071944444,28.3285555556,Churches of the Pskov School of Architecture,Russian Federation,2269
836,Natural,0,69.0469444444,94.1580555556,Putorana Plateau,Russian Federation,1644
837,Natural,0,49.9302222222,115.4254444444,Landscapes of Dauria,Russian Federation,2150
838,Natural,0,60.6666666667,127.0,Lena Pillars Nature Park,Russian Federation,2116
839,Cultural,0,42.05297222,48.29719444,"Citadel, Ancient City and Fortress Buildings of Derbent",Russian Federation,1247
840,Cultural,0,59.95,30.31833,Historic Centre of Saint Petersburg and Related Groups of Monuments,Russian Federation,1958
841,Cultural,0,54.9788888889,49.0563888889,Bolgar Historical and Archaeological Complex,Russian Federation,2009
842,Cultural,0,59.95,38.56666667,Ensemble of the Ferapontov Monastery,Russian Federation,1146
843,Natural,0,71.18888889,-179.7152778,Natural System of Wrangel Island Reserve,Russian Federation,1194
844,Natural,0,46.6833333333,136.6611111111,Central Sikhote-Alin,Russian Federation,2211
845,Cultural,0,55.79111111,49.095,Historic and Architectural Complex of the Kazan Kremlin,Russian Federation,1144
846,Cultural,0,55.7702777778,48.6527777778,Assumption Cathedral and Monastery of the town-island of Sviyazhsk,Russian Federation,2168
847,Cultural,0,56.15,40.41666667,White Monuments of Vladimir and Suzdal,Russian Federation,752
848,Natural,0,50.46666667,86.0,Golden Mountains of Altai,Russian Federation,907
849,Cultural,0,55.27458,20.96239,Curonian Spit,Russian Federation,1158
850,Cultural,0,65.08333333,35.66666667,Cultural and Historic Ensemble of the Solovetsky Islands,Russian Federation,750
851,Cultural,0,55.65556,37.67389,"Church of the Ascension, Kolomenskoye",Russian Federation,754
852,Cultural,0,56.31035,38.1312,Architectural Ensemble of the Trinity Sergius Lavra in Sergiev Posad,Russian Federation,778
853,Natural,0,63.6258333333,58.9525,Virgin Komi Forests,Russian Federation,850
854,Natural,0,44.0,40.0,Western Caucasus,Russian Federation,1052
855,Natural,0,53.17361111,107.6625,Lake Baikal,Russian Federation,889
856,Cultural,0,58.53333,31.28333,Historic Monuments of Novgorod and Surroundings,Russian Federation,716
857,Cultural,0,55.74583,37.62972,"Kremlin and Red Square, Moscow",Russian Federation,640
858,Cultural,0,62.07138889,35.2275,Kizhi Pogost,Russian Federation,639
859,Natural,0,56.33333333,158.5,Volcanoes of Kamchatka,Russian Federation,902
860,Cultural,0,17.34694,-62.83722,Brimstone Hill Fortress National Park,Saint Kitts and Nevis,1063
861,Natural,0,13.80708333,-61.07036111,Pitons Management Area,Saint Lucia,1341
862,Cultural,0,43.9327777778,12.4519444444,San Marino Historic Centre and Mount Titano,San Marino,1535
863,Cultural,0,24.7341333333,46.5724666667,At-Turaif District in ad-Dir'iyah,Saudi Arabia,1659
864,Cultural,0,28.0105555556,40.9130555556,Rock Art in the Hail Region of Saudi Arabia,Saudi Arabia,2033
865,Cultural,0,21.4838888889,39.1875,"Historic Jeddah, the Gate to Makkah",Saudi Arabia,1968
866,Cultural,0,25.4021666667,49.6305694444,"Al-Ahsa Oasis, an Evolving Cultural Landscape",Saudi Arabia,2228
867,Cultural,0,26.7836111111,37.955,Al-Hijr Archaeological Site (Madâin Sâlih),Saudi Arabia,1524
868,Cultural,0,14.66722,-17.40083,Island of Gorée,Senegal,29
869,Natural,0,16.5,-16.16667,Djoudj National Bird Sanctuary,Senegal,28
870,Cultural,0,13.8352777778,-16.4986111111,Saloum Delta,Senegal,1754
871,Natural,1,13.06667,-12.71667,Niokolo-Koba National Park,Senegal,171
872,Cultural,0,16.02778,-16.50444,Island of Saint-Louis,Senegal,1561
873,Cultural,0,12.5933333333,-12.8458333333,"Bassari Country: Bassari, Fula and Bedik Cultural Landscapes",Senegal,1832
874,Cultural,1,42.6611111111,20.2655555555,Medieval Monuments in Kosovo,Serbia,856
875,Cultural,0,43.11889,20.42278,Stari Ras and Sopo?ani,Serbia,104
876,Cultural,0,43.8993055556,22.1861111111,"Gamzigrad-Romuliana, Palace of Galerius",Serbia,1430
877,Cultural,0,43.48611,20.53667,Studenica Monastery,Serbia,449
878,Natural,0,-4.32917,55.7375,Vallée de Mai Nature Reserve,Seychelles,291
879,Natural,0,-9.416666667,46.41666667,Aldabra Atoll,Seychelles,205
880,Cultural,0,1.3152777778,103.8161111111,Singapore Botanic Gardens,Singapore,2044
881,Cultural,0,48.46111,18.9,Historic Town of Banská Štiavnica and the Technical Monuments in its Vicinity,Slovakia,734
882,Natural,0,49.0097222222,22.3388888889,Ancient and Primeval Beech Forests of the Carpathians and Other Regions of Europe,Slovakia,2152
883,Cultural,0,49.3361111111,19.5583333333,Wooden Churches of the Slovak part of the Carpathian Mountain Area,Slovakia,1491
884,Cultural,0,48.9994444444,20.7675,"Levo?a, Spišský Hrad and the Associated Cultural Monuments",Slovakia,1537
885,Cultural,0,49.0391666667,19.2783333333,Vlkolínec,Slovakia,740
886,Cultural,0,49.2927777778,21.2755555556,Bardejov Town Conservation Reserve,Slovakia,1137
887,Natural,0,45.66667,14.0,Škocjan Caves,Slovenia,450
888,Natural,1,-11.68333,160.33333,East Rennell,Solomon Islands,1005
889,Natural,0,-25.9738888889,31.0138888889,Barberton Makhonjwa Mountains,South Africa,2240
890,Cultural,0,-22.1925,29.23889,Mapungubwe Cultural Landscape,South Africa,2061
891,Natural,0,-26.86,27.26,Vredefort Dome,South Africa,1342
892,Cultural,0,-28.6,17.2038888888,Richtersveld Cultural and Botanical Landscape,South Africa,1442
893,Cultural,0,-25.6876111111,20.3745833333,?Khomani Cultural Landscape,South Africa,2133
894,Cultural,0,-24.15861,29.17694,Fossil Hominid Sites of South Africa,South Africa,1069
895,Natural,0,-34.3611111111,18.475,Cape Floral Region Protected Areas,South Africa,2013
896,Cultural,0,-33.8,18.36666667,Robben Island,South Africa,1070
897,Natural,0,-27.83889,32.55,iSimangaliso Wetland Park,South Africa,1067
898,Cultural,0,37.87919444,-4.779722222,Historic Centre of Cordoba,Spain,355
899,Cultural,0,43.01111,-7.55333,Roman Walls of Lugo,Spain,1151
900,Cultural,0,40.58175,-4.126416667,"Monastery and Site of the Escurial, Madrid",Spain,361
901,Cultural,0,42.3407333333,-3.7040111111,Burgos Cathedral,Spain,2070
902,Cultural,0,43.38252778,-4.116166667,Cave of Altamira and Paleolithic Cave Art of Northern Spain,Spain,1506
903,Cultural,0,41.41338,2.152972,Works of Antoni Gaudí ,Spain,364
904,Cultural,0,43.335,-6.4147222222,Routes of Santiago de Compostela: <i>Camino Francés</i> and Routes of Northern Spain ,Spain,2055
905,Natural,0,36.9477,-6.358861,Doñana National Park,Spain,810
906,Cultural,0,40.94847222,-4.11675,Old Town of Segovia and its Aqueduct,Spain,2124
907,Cultural,0,38.01131,-3.37122,Renaissance Monumental Ensembles of Úbeda and Baeza,Spain,611
908,Cultural,0,39.86688889,-4.029416667,Historic City of Toledo,Spain,435
909,Mixed,0,38.91113889,1.435194444,"Ibiza, Biodiversity and Culture",Spain,481
910,Cultural,0,40.6975,-6.6611111111,Prehistoric Rock Art Sites in the Côa Valley and Siega Verde,Spain,1642
911,Cultural,0,37.38384,-5.99155,"Cathedral, Alcázar and Archivo de Indias in Seville",Spain,1747
912,Cultural,0,40.96525,-5.6645,Old City of Salamanca,Spain,439
913,Natural,0,28.12625,-17.23722222,Garajonay National Park,Spain,436
914,Cultural,0,40.34389,-1.10722,Mudejar Architecture of Aragon,Spain,2188
915,Cultural,0,40.65645,-4.70012,Old Town of Ávila with its Extra-Muros Churches,Spain,1562
916,Cultural,0,42.88076,-8.54468,Santiago de Compostela (Old Town),Spain,395
917,Cultural,0,37.17667,-3.59444,"Alhambra, Generalife and Albayzín, Granada",Spain,357
918,Cultural,0,39.47444,-6.37,Old Town of Cáceres,Spain,2189
919,Cultural,0,41.38083,1.0825,Poblet Monastery,Spain,605
920,Cultural,0,43.36262,-5.84303,Monuments of Oviedo and the Kingdom of the Asturias,Spain,353
921,Cultural,0,37.025,-4.5444444444,Antequera Dolmens Site,Spain,2088
922,Cultural,0,28.0443888889,-15.6611944444,Risco Caido and the Sacred Mountains of Gran Canaria Cultural Landscape,Spain,2263
923,Cultural,0,37.8858888889,-4.8676944444,Caliphate City of Medina Azahara,Spain,2225
924,Cultural,0,38.7752777778,-4.8388888889,Heritage of Mercury. Almadén and Idrija,Spain,1841
925,Cultural,0,38.91611,-6.33778,Archaeological Ensemble of Mérida,Spain,785
926,Cultural,0,39.45285,-5.3275,Royal Monastery of Santa María de Guadalupe,Spain,786
927,Cultural,0,42.46939,-6.77075,Las Médulas,Spain,949
928,Cultural,0,43.3858333333,-8.4063888889,Tower of Hercules,Spain,1616
929,Natural,0,28.2713888889,-16.6436111111,Teide National Park,Spain,1435
930,Cultural,0,43.323175,-3.0168333333,Vizcaya Bridge,Spain,1394
931,Cultural,0,40.03645,-3.60934,Aranjuez Cultural Landscape,Spain,1218
932,Cultural,0,42.37138889,-3.547222222,Archaeological Site of Atapuerca,Spain,1153
933,Cultural,0,39.47441667,-0.378444444,La Lonja de la Seda de Valencia,Spain,925
934,Cultural,0,39.7308333333,2.6947222222,Cultural Landscape of the Serra de Tramuntana,Spain,1781
935,Cultural,0,28.47788889,-16.31177778,San Cristóbal de La Laguna,Spain,1084
936,Cultural,0,40.48138889,-3.368055556,University and Historic Precinct of Alcalá de Henares,Spain,1028
937,Cultural,0,41.11472222,1.259305556,Archaeological Ensemble of Tárraco,Spain,1027
938,Cultural,0,39.78995,-1.03331,Rock Art of the Mediterranean Basin on the Iberian Peninsula,Spain,1026
939,Cultural,0,40.07662,-2.13174,Historic Walled Town of Cuenca,Spain,924
940,Cultural,0,42.50472222,0.803611111,Catalan Romanesque Churches of the Vall de Boí,Spain,1152
941,Cultural,0,38.26666667,-0.716666667,Palmeral of Elche,Spain,1085
942,Cultural,0,42.32586,-2.86496,San Millán Yuso and Suso Monasteries,Spain,951
943,Cultural,0,41.38778,2.175,"Palau de la Música Catalana and Hospital de Sant Pau, Barcelona",Spain,1631
944,Cultural,0,6.021388889,80.21861111,Old Town of Galle and its Fortifications,Sri Lanka,523
945,Cultural,0,8.333333333,80.38333333,Sacred City of Anuradhapura,Sri Lanka,221
946,Cultural,0,7.293611111,80.64027778,Sacred City of Kandy,Sri Lanka,522
947,Cultural,0,7.856666667,80.64916667,Golden Temple of Dambulla,Sri Lanka,663
948,Natural,0,7.45245,80.8021,Central Highlands of Sri Lanka,Sri Lanka,1650
949,Cultural,0,7.915833333,81.00055556,Ancient City of Polonnaruwa,Sri Lanka,222
950,Natural,0,6.416666667,80.5,Sinharaja Forest Reserve,Sri Lanka,468
951,Cultural,0,7.95,80.75,Ancient City of Sigiriya,Sri Lanka,223
952,Natural,0,19.7361111111,37.4430555556,Sanganeb Marine National Park and Dungonab Bay – Mukkawar Island Marine National Park,Sudan,2177
953,Cultural,0,18.537,31.8280277778,Gebel Barkal and the Sites of the Napatan Region,Sudan,1250
954,Cultural,0,16.9333333333,33.7166666667,Archaeological Sites of the Island of Meroe,Sudan,1760
955,Cultural,0,5.82611,-55.15,Historic Inner City of Paramaribo,Suriname,1096
956,Natural,0,4.0,-56.5,Central Suriname Nature Reserve,Suriname,1187
957,Cultural,0,57.64167,18.29583,Hanseatic Town of Visby,Sweden,864
958,Cultural,0,59.96667,16.00833,Engelsberg Ironworks,Sweden,655
959,Cultural,0,59.27556,18.09944,Skogskyrkogården,Sweden,659
960,Cultural,0,58.70111,11.34111,Rock Carvings in Tanum,Sweden,657
961,Cultural,0,59.32306,17.88333,Royal Domain of Drottningholm,Sweden,660
962,Mixed,0,67.33333,17.58333,Laponian Area,Sweden,916
963,Cultural,0,65.64611,22.02861,"Church Town of Gammelstad, Luleå ",Sweden,898
964,Cultural,0,56.325,16.48333,Agricultural Landscape of Southern Öland,Sweden,1132
965,Cultural,0,56.16667,15.58333,Naval Port of Karlskrona,Sweden,1022
966,Cultural,0,61.7072222222,16.1958333333,Decorated Farmhouses of Hälsingland,Sweden,1814
967,Cultural,0,59.33514,17.54264,Birka and Hovgården,Sweden,653
968,Cultural,0,60.60472,15.63083,Mining Area of the Great Copper Mountain in Falun,Sweden,1200
969,Cultural,0,57.1,12.38333333,"Grimeton Radio Station, Varberg",Sweden,1314
970,Cultural,0,47.2783333333,8.2075,Prehistoric Pile Dwellings around the Alps,Switzerland,1782
971,Cultural,0,47.1038888889,6.8327777778,"La Chaux-de-Fonds / Le Locle, Watchmaking Town Planning",Switzerland,1582
972,Cultural,0,46.4919444444,6.7461111111,"Lavaux, Vineyard Terraces",Switzerland,1420
973,Natural,0,46.5,8.0333333333,Swiss Alps Jungfrau-Aletsch,Switzerland,1211
974,Cultural,0,46.19314,9.02242,"Three Castles, Defensive Wall and Ramparts of the Market-Town of Bellinzona",Switzerland,1036
975,Cultural,0,46.62945,10.44765,Benedictine Convent of St John at Müstair,Switzerland,299
976,Cultural,0,47.42333,9.37778,Abbey of St Gall,Switzerland,298
977,Cultural,0,46.4983333333,9.8463888889,Rhaetian Railway in the Albula / Bernina Landscapes,Switzerland,1503
978,Cultural,0,46.4684138889,6.8293361111,"The Architectural Work of Le Corbusier, an Outstanding Contribution to the Modern Movement",Switzerland,2085
979,Cultural,0,46.94806,7.45028,Old City of Berne,Switzerland,297
980,Natural,0,46.9166666667,9.25,Swiss Tectonic Arena Sardona,Switzerland,1497
981,Cultural,1,36.3341666667,36.8441666667,Ancient Villages of Northern Syria,Syrian Arab Republic,1761
982,Cultural,1,34.55417,38.26667,Site of Palmyra,Syrian Arab Republic,2256
983,Cultural,1,32.51806,36.48167,Ancient City of Bosra,Syrian Arab Republic,2209
984,Cultural,1,36.1991666667,37.1627777778,Ancient City of Aleppo,Syrian Arab Republic,24
985,Cultural,1,33.51139,36.30639,Ancient City of Damascus,Syrian Arab Republic,1862
986,Cultural,1,34.7816666667,36.2630555555,Crac des Chevaliers and Qal’at Salah El-Din,Syrian Arab Republic,1406
987,Cultural,0,13.6911111111,-15.5225,Stone Circles of Senegambia,Sénégal,1403
988,Cultural,0,39.5077777778,67.4602777778,Proto-urban Site of Sarazm,Tajikistan,1651
989,Natural,0,38.765,72.3052777778,Tajik National Park (Mountains of the Pamirs),Tajikistan,1907
990,Natural,0,15.33333,98.91667,Thungyai-Huai Kha Khaeng Wildlife Sanctuaries,Thailand,699
991,Cultural,0,17.00722,99.78972,Historic Town of Sukhothai and Associated Historic Towns,Thailand,679
992,Cultural,0,17.54861,103.35833,Ban Chiang Archaeological Site,Thailand,680
993,Cultural,0,14.34778,100.56056,Historic City of Ayutthaya,Thailand,681
994,Natural,0,14.33,102.05,Dong Phayayen-Khao Yai Forest Complex,Thailand,698
995,Cultural,0,10.06666667,1.133333333,"Koutammakou, the Land of the Batammariba",Togo,1321
996,Cultural,0,35.68167,10.10389,Kairouan,Tunisia,1742
997,Cultural,0,35.82778,10.63861,Medina of Sousse,Tunisia,1743
998,Cultural,0,36.94639,11.09917,Punic Town of Kerkuane and its Necropolis,Tunisia,378
999,Cultural,0,35.29639,10.70694,Amphitheatre of El Jem,Tunisia,1741
1000,Cultural,0,36.85278,10.32333,Archaeological Site of Carthage,Tunisia,41
1001,Natural,0,37.16361,9.67472,Ichkeul National Park,Tunisia,11
1002,Cultural,0,36.42361,9.22028,Dougga / Thugga,Tunisia,938
1003,Cultural,0,36.81667,10.16667,Medina of Tunis,Tunisia,1744
1004,Mixed,0,38.66667,34.85,Göreme National Park and the Rock Sites of Cappadocia,Turkey,410
1005,Cultural,0,40.01389,34.62056,Hattusha: the Hittite Capital,Turkey,432
1006,Cultural,0,37.9291666667,27.3594444444,Ephesus,Turkey,2014
1007,Mixed,0,37.92389,29.12333,Hierapolis-Pamukkale,Turkey,564
1008,Cultural,0,36.335,29.32028,Xanthos-Letoon,Turkey,563
1009,Cultural,0,38.03661,38.76369,Nemrut Da?,Turkey,520
1010,Cultural,0,41.00847,28.97993,Historic Areas of Istanbul,Turkey,2255
1011,Cultural,0,41.26,32.68972,City of Safranbolu,Turkey,729
1012,Cultural,0,39.371271,38.121826,Great Mosque and Hospital of Divri?i,Turkey,411
1013,Cultural,0,37.9031,40.2393083333,Diyarbak?r Fortress and Hevsel Gardens Cultural Landscape,Turkey,2049
1014,Cultural,0,37.2232419444,38.9223638889,Göbekli Tepe,Turkey,2237
1015,Cultural,0,37.7083333333,28.7236111111,Aphrodisias,Turkey,2170
1016,Cultural,0,40.5,43.5666666667,Archaeological Site of Ani,Turkey,2110
1017,Cultural,0,39.1258333333,27.18,Pergamon and its Multi-Layered Cultural Landscape,Turkey,2001
1018,Cultural,0,40.1847305556,29.0623361111,Bursa and Cumal?k?z?k: the Birth of the Ottoman Empire,Turkey,1995
1019,Cultural,0,37.6666666667,32.8280555556,Neolithic Site of Çatalhöyük,Turkey,1829
1020,Cultural,0,41.6777777778,26.5594444444,Selimiye Mosque and its Social Complex,Turkey,1784
1021,Cultural,0,39.95644,26.239,Archaeological Site of Troy,Turkey,1000
1022,Cultural,0,37.9997222222,58.1986111111,Parthian Fortresses of Nisa,Turkmenistan,1471
1023,Cultural,0,42.18318,59.08494,Kunya-Urgench,Turkmenistan,1376
1024,Cultural,0,37.70083,62.1775,State Historical and Cultural Park “Ancient Merv”,Turkmenistan,1038
1025,Natural,0,-1.080555556,29.66138889,Bwindi Impenetrable National Park,Uganda,806
1026,Natural,0,0.223611111,29.92416667,Rwenzori Mountains National Park,Uganda,808
1027,Cultural,1,0.348611111,32.55138889,Tombs of Buganda Kings at Kasubi,Uganda,1192
1028,Cultural,0,50.45258,30.51686,"Kiev: Saint-Sophia Cathedral and Related Monastic Buildings, Kiev-Pechersk Lavra",Ukraine,617
1029,Cultural,0,48.2966666667,25.9247222222,Residence of Bukovinian and Dalmatian Metropolitans,Ukraine,1785
1030,Cultural,0,44.6108333333,33.4913888889,Ancient City of Tauric Chersonese and its Chora,Ukraine,1895
1031,Cultural,0,49.84163,24.03198,L'viv – the Ensemble of the Historic Centre,Ukraine,1632
1032,Cultural,0,24.0677777778,55.8063888889,"Cultural Sites of Al Ain (Hafit, Hili, Bidaa Bint Saud and Oases Areas)",United Arab Emirates,1762
1033,Cultural,1,53.40666667,-2.994444444,Liverpool – Maritime Mercantile City,United Kingdom of Great Britain and Northern Ireland,1331
1034,Cultural,0,51.17888889,-1.825277778,"Stonehenge, Avebury and Associated Sites",United Kingdom of Great Britain and Northern Ireland,1633
1035,Cultural,0,51.84194444,-1.361388889,Blenheim Palace,United Kingdom of Great Britain and Northern Ireland,492
1036,Cultural,0,54.4766111111,-3.0824166667,The English Lake District,United Kingdom of Great Britain and Northern Ireland,2171
1037,Cultural,0,54.77472222,-1.576111111,Durham Castle and Cathedral,United Kingdom of Great Britain and Northern Ireland,1634
1038,Cultural,0,52.62638889,-2.472777778,Ironbridge Gorge,United Kingdom of Great Britain and Northern Ireland,425
1039,Cultural,0,53.13972222,-4.276944444,Castles and Town Walls of King Edward in Gwynedd,United Kingdom of Great Britain and Northern Ireland,429
1040,Mixed,0,57.81722222,-8.576666667,St Kilda,United Kingdom of Great Britain and Northern Ireland,2202
1041,Cultural,0,53.2339166667,-2.3038611111,Jodrell Bank Observatory,United Kingdom of Great Britain and Northern Ireland,2285
1042,Cultural,0,36.1226694444,-5.3420611111,Gorham's Cave Complex,United Kingdom of Great Britain and Northern Ireland,2087
1043,Cultural,0,56.0011111111,-3.3888888889,The Forth Bridge,United Kingdom of Great Britain and Northern Ireland,2046
1044,Natural,0,55.25,-6.485277778,Giant's Causeway and Causeway Coast,United Kingdom of Great Britain and Northern Ireland,2178
1045,Cultural,0,50.1361111111,-5.3836111111,Cornwall and West Devon Mining Landscape,United Kingdom of Great Britain and Northern Ireland,1392
1046,Cultural,0,54.11611111,-1.573055556,Studley Royal Park including the Ruins of Fountains Abbey,United Kingdom of Great Britain and Northern Ireland,1930
1047,Cultural,0,51.48194444,-0.294027778,"Royal Botanic Gardens, Kew",United Kingdom of Great Britain and Northern Ireland,1262
1048,Cultural,0,54.9926111111,-2.601,Frontiers of the Roman Empire,United Kingdom of Great Britain and Northern Ireland,1539
1049,Cultural,0,53.02888889,-1.488055556,Derwent Valley Mills,United Kingdom of Great Britain and Northern Ireland,1203
1050,Cultural,0,51.77638889,-3.088055556,Blaenavon Industrial Landscape,United Kingdom of Great Britain and Northern Ireland,1148
1051,Cultural,0,51.28,1.083333333,"Canterbury Cathedral, St Augustine's Abbey, and St Martin's Church",United Kingdom of Great Britain and Northern Ireland,578
1052,Natural,0,50.70555556,-2.989888889,Dorset and East Devon Coast,United Kingdom of Great Britain and Northern Ireland,1202
1053,Cultural,0,51.38138889,-2.358611111,City of Bath,United Kingdom of Great Britain and Northern Ireland,495
1054,Cultural,0,55.66333333,-3.783055556,New Lanark,United Kingdom of Great Britain and Northern Ireland,497
1055,Natural,0,-24.3666666667,-128.333333333,Henderson Island,United Kingdom of Great Britain and Northern Ireland,566
1056,Cultural,0,58.99605556,-3.188666667,Heart of Neolithic Orkney,United Kingdom of Great Britain and Northern Ireland,2125
1057,Cultural,0,51.50805556,-0.076111111,Tower of London,United Kingdom of Great Britain and Northern Ireland,567
1058,Cultural,0,51.49972222,-0.128611111,Palace of Westminster and Westminster Abbey including Saint Margaret’s Church,United Kingdom of Great Britain and Northern Ireland,1635
1059,Cultural,0,55.95,-3.216666667,Old and New Towns of Edinburgh,United Kingdom of Great Britain and Northern Ireland,860
1060,Natural,0,-40.32472222,-9.928611111,Gough and Inaccessible Islands,United Kingdom of Great Britain and Northern Ireland,874
1061,Cultural,0,51.4811666667,-0.0037777778,Maritime Greenwich,United Kingdom of Great Britain and Northern Ireland,939
1062,Cultural,0,32.37944444,-64.67777778,"Historic Town of St George and Related Fortifications, Bermuda",United Kingdom of Great Britain and Northern Ireland,1147
1063,Cultural,0,53.83916667,-1.788333333,Saltaire,United Kingdom of Great Britain and Northern Ireland,1201
1064,Cultural,0,52.9702777778,-3.0877777778,Pontcysyllte Aqueduct and Canal,United Kingdom of Great Britain and Northern Ireland,1583
1065,Cultural,0,-6.16306,39.18917,Stone Town of Zanzibar,United Republic of Tanzania,192
1066,Natural,0,-3.06667,37.36667,Kilimanjaro National Park,United Republic of Tanzania,466
1067,Mixed,0,-3.18722,35.54083,Ngorongoro Conservation Area,United Republic of Tanzania,1639
1068,Cultural,0,-8.95778,39.52278,Ruins of Kilwa Kisiwani and Ruins of Songo Mnara,United Republic of Tanzania,159
1069,Cultural,0,-4.7244444444,35.8338888888,Kondoa Rock-Art Sites,United Republic of Tanzania,1449
1070,Natural,1,-9.0,37.4,Selous Game Reserve,United Republic of Tanzania,1924
1071,Natural,0,-2.33333,34.56667,Serengeti National Park,United Republic of Tanzania,174
1072,Natural,0,32.16666667,-104.3833333,Carlsbad Caverns National Park,United States of America,852
1073,Natural,0,37.74611111,-119.5966667,Yosemite National Park,United States of America,347
1074,Cultural,0,38.03277778,-78.50388889,Monticello and the University of Virginia in Charlottesville,United States of America,2126
1075,Natural,0,19.40083333,-155.1236111,Hawaii Volcanoes National Park,United States of America,472
1076,Cultural,0,36.06377778,-107.9708333,Chaco Culture,United States of America,405
1077,Cultural,0,37.26166667,-108.4855556,Mesa Verde National Park,United States of America,30
1078,Cultural,0,40.68944444,-74.04472222,Statue of Liberty,United States of America,346
1079,Cultural,0,18.46666667,-66.125,La Fortaleza and San Juan National Historic Site in Puerto Rico,United States of America,2192
1080,Cultural,0,32.6369444444,-91.4063888889,Monumental Earthworks of Poverty Point,United States of America,1978
1081,Cultural,0,36.43889,-105.54167,Taos Pueblo,United States of America,573
1082,Natural,0,44.46056,-110.82778,Yellowstone National Park,United States of America,31
1083,Mixed,0,25.34907,-170.14582,Papah?naumoku?kea,United States of America,1672
1084,Natural,1,25.55444444,-80.99638889,Everglades National Park,United States of America,82
1085,Cultural,0,39.94861111,-75.15,Independence Hall,United States of America,84
1086,Natural,0,41.37388889,-123.9980556,Redwood National and State Parks,United States of America,147
1087,Natural,0,37.18722222,-86.10305556,Mammoth Cave National Park,United States of America,168
1088,Natural,0,47.74833333,-123.4488889,Olympic National Park,United States of America,169
1089,Natural,0,35.59305556,-83.43555556,Great Smoky Mountains National Park,United States of America,289
1090,Cultural,0,39.9055708333,-79.4664755556,The 20th-Century Architecture of Frank Lloyd Wright,United States of America,2322
1091,Natural,0,36.10083333,-112.0905556,Grand Canyon National Park,United States of America,81
1092,Cultural,0,38.65861111,-90.06138889,Cahokia Mounds State Historic Site,United States of America,2191
1093,Cultural,0,29.3280555556,-98.46,San Antonio Missions,United States of America,2027
1094,Cultural,0,-34.46777778,-57.85333333,Historic Quarter of the City of Colonia del Sacramento,Uruguay,881
1095,Cultural,0,-33.1177777778,-58.3316666667,Fray Bentos Industrial Landscape,Uruguay,2025
1096,Cultural,0,39.77472,64.42861,Historic Centre of Bukhara,Uzbekistan,2184
1097,Cultural,0,39.66861,67.0,Samarkand  – Crossroad of Cultures,Uzbekistan,715
1098,Cultural,1,39.05,66.83333,Historic Centre of Shakhrisyabz,Uzbekistan,1037
1099,Cultural,0,41.37833,60.36389,Itchan Kala,Uzbekistan,638
1100,Cultural,0,-17.6280694444,168.1777194444,Chief Roi Mata’s Domain,Vanuatu,1511
1101,Natural,0,5.33333,-61.5,Canaima National Park,Venezuela (Bolivarian Republic of),829
1102,Cultural,0,10.49073,-66.89068,Ciudad Universitaria de Caracas,Venezuela (Bolivarian Republic of),1150
1103,Cultural,1,11.4,-69.68333333,Coro and its Port,Venezuela (Bolivarian Republic of),779
1104,Cultural,0,20.0780555556,105.6047222222,Citadel of the Ho Dynasty,Viet Nam,1775
1105,Mixed,0,20.2566666667,105.8963888889,Trang An Landscape Complex,Viet Nam,2179
1106,Cultural,0,21.0394444444,105.8372222222,Central Sector of the Imperial Citadel of Thang Long - Hanoi,Viet Nam,1689
1107,Natural,0,20.9,107.1,Ha Long Bay,Viet Nam,796
1108,Cultural,0,16.46944,107.57778,Complex of Hué Monuments,Viet Nam,802
1109,Cultural,0,15.88333333,108.3333333,Hoi An Ancient Town,Viet Nam,1109
1110,Cultural,0,15.51666667,108.5666667,My Son Sanctuary,Viet Nam,1110
1111,Natural,0,17.5372222222,106.15125,Phong Nha-Ke Bang National Park,Viet Nam,2059
1112,Natural,0,12.5,53.8333333333,Socotra Archipelago,Yemen,1548
1113,Cultural,1,14.1953333333,43.3155277778,Historic Town of Zabid,Yemen,725
1114,Cultural,1,15.35555556,44.20805556,Old City of Sana'a,Yemen,444
1115,Cultural,1,15.92694,48.62667,Old Walled City of Shibam,Yemen,213
1116,Natural,0,-17.92453,25.85539,Mosi-oa-Tunya / Victoria Falls,Zimbabwe,593
1117,Cultural,0,-20.28333333,30.93333333,Great Zimbabwe National Monument,Zimbabwe,417
1118,Cultural,0,-20.5,28.5,Matobo Hills,Zimbabwe,345
1119,Natural,0,-15.81944444,29.40805556,"Mana Pools National Park, Sapi and Chewore Safari Areas",Zimbabwe,339
1120,Cultural,0,-20.15833333,28.37666667,Khami Ruins National Monument,Zimbabwe,418
